Elapsed Time (s),Charge Ah,Velocity m/s,Solar Output W(dc),Battery Connection 
0.0,1000000,0,0,0
300.0,1000000,0,0,0
600.0,1000000,0,0,0
900.0,1000000,0,0,0
1200.0,1000000,0,0,0
1500.0,1000000,0,0,0
1800.0,1000000,0,0,0
2100.0,1000000,0,0,0
2400.0,1000000,0,0,0
2700.0,1000000,0,0,0
3000.0,1000000,0,0,0
3300.0,1000000,0,0,0
3600.0,1000000,0,0,0
3900.0,1000000,0,0,0
4200.0,1000000,0,0,0
4500.0,1000000,0,0,0
4800.0,1000000,0,0,0
5100.0,1000000,0,0,0
5400.0,1000000,0,0,0
5700.0,1000000,0,0,0
6000.0,1000000,0,0,0
6300.0,1000000,0,0,0
6600.0,1000000,0,0,0
6900.0,1000000,0,0,0
7200.0,1000000,0,0,0
7500.0,1000000,0,0,0
7800.0,1000000,0,0,0
8100.0,1000000,0,0,0
8400.0,1000000,0,0,0
8700.0,1000000,0,0,0
9000.0,1000000,0,0,0
9300.0,1000000,0,0,0
9600.0,1000000,0,0,0
9900.0,1000000,0,0,0
10200.0,1000000,0,0,0
10500.0,1000000,0,0,0
10800.0,1000000,0,0,0
11100.0,1000000,0,0,0
11400.0,1000000,0,0,0
11700.0,1000000,0,0,0
12000.0,1000000,0,0,0
12300.0,1000000,0,0,0
12600.0,1000000,0,0,0
12900.0,1000000,0,0,0
13200.0,1000000,0,0,0
13500.0,1000000,0,0,0
13800.0,1000000,0,0,0
14100.0,1000000,0,0,0
14400.0,1000000,0,0,0
14700.0,1000000,0,0,0
15000.0,1000000,0,0,0
15300.0,1000000,0,0,0
15600.0,1000000,0,0,0
15900.0,1000000,0,0,0
16200.0,1000000,0,0,0
16500.0,1000000,0,0,0
16800.0,1000000,0,0,0
17100.0,1000000,0,0,0
17400.0,1000000,0,0,0
17700.0,1000000,0,0,0
18000.0,1000000,0,0,0
18300.0,1000000,0,0,0
18600.0,1000000,0,0,0
18900.0,1000000,0,0,0
19200.0,1000000,0,0,0
19500.0,1000000,0,0,0
19800.0,1000000,0,0,0
20100.0,1000000,0,0,0
20400.0,1000000,0,0,0
20700.0,1000000,0,0,0
21000.0,1000000,0,0,0
21300.0,1000000,0,0,0
21600.0,1000000,0,0,0
21900.0,1000000,0,0,0
22200.0,1000000,0,0,0
22500.0,1000000,0,0,0
22800.0,1000000,0,0,0
23100.0,1000000,0,0,0
23400.0,1000000,0,0,0
23700.0,1000000,0,0,0
24000.0,1000000,0,0,0
24300.0,1000000,0,0,0
24600.0,1000000,0,0,0
24900.0,1000000,0,0,0
25200.0,1000000,0,0,0
25500.0,1000000,0,0,0
25800.0,1000000,0,0,0
26100.0,1000000,0,0,0
26400.0,1000000,0,0,0
26700.0,1000000,0,0,0
27000.0,1000000,0,0,0
27300.0,1000000,0,0,0
27600.0,1000000,0,0,0
27900.0,1000000,0,0,0
28200.0,1000000,0,0,0
28500.0,1000000,0,0,0
28800.0,1000000,0,0,0
29100.0,1000000,0,0,0
29400.0,1000000,0,0,0
29700.0,1000000,0,0,0
30000.0,1000000,0,0,0
30300.0,1000000,0,0,0
30600.0,1000000,0,0,0
30900.0,1000000,0,0,0
31200.0,1000000,0,0,0
31500.0,1000000,0,0,0
31800.0,1000000,0,0,0
32100.0,1000000,0,0,0
32400.0,1156000,0,0,0
32700.0,1351000,0,0,0
33000.0,1546000,0,0,0
33300.0,1741000,0,0,0
33600.0,1936000,0,0,0
33900.0,2131000,0,0,0
34200.0,2326000,0,0,0
34500.0,2521000,0,0,0
34800.0,2716000,0,0,0
35100.0,2911000,0,0,0
35400.0,3106000,0,0,0
35700.0,3301000,0,0,0
36000.0,3496000,0,0,0
36300.0,3691000,0,0,0
36600.0,3886000,0,0,0
36900.0,4081000,0,0,0
37200.0,4276000,0,0,0
37500.0,4471000,0,0,0
37800.0,4666000,0,0,0
38100.0,4861000,0,0,0
38400.0,5056000,0,0,0
38700.0,5251000,0,0,0
39000.0,5446000,0,0,0
39300.0,5641000,0,0,0
39600.0,5604880.0,24.0,0,0
39900.0,5510980.0,24.0,0,0
40200.0,5417080.0,24.0,0,0
40500.0,5323180.0,24.0,0,0
40800.0,5229280.0,24.0,0,0
41100.0,5135380.0,24.0,0,0
41400.0,5041480.0,24.0,0,0
41700.0,4947580.0,24.0,0,0
42000.0,4853680.0,24.0,0,0
42300.0,4759780.0,24.0,0,0
42600.0,4665880.0,24.0,0,0
42900.0,4571980.0,24.0,0,0
43200.0,4478080.0,24.0,0,0
43500.0,4384180.0,24.0,0,0
43800.0,4290280.0,24.0,0,0
44100.0,4196380.0,24.0,0,0
44400.0,4102480.0,24.0,0,0
44700.0,4008580.0,24.0,0,0
45000.0,3914680.0,24.0,0,0
45300.0,3820780.0,24.0,0,0
45600.0,3726880.0,24.0,0,0
45900.0,3632980.0,24.0,0,0
46200.0,3539080.0,24.0,0,0
46500.0,3445180.0,24.0,0,0
46800.0,3351280.0,24.0,0,0
47100.0,3257380.0,24.0,0,0
47400.0,3163480.0,24.0,0,0
47700.0,3069580.0,24.0,0,0
48000.0,2975680.0,24.0,0,0
48300.0,2881780.0,24.0,0,0
48600.0,2787880.0,24.0,0,0
48900.0,2693980.0,24.0,0,0
49200.0,2600080.0,24.0,0,0
49500.0,2506180.0,24.0,0,0
49800.0,2412280.0,24.0,0,0
50100.0,2318380.0,24.0,0,0
50400.0,2455600.0,0,0,0
50700.0,2650600.0,0,0,0
51000.0,2845600.0,0,0,0
51300.0,3040600.0,0,0,0
51600.0,3235600.0,0,0,0
51900.0,3430600.0,0,0,0
52200.0,3625600.0,0,0,0
52500.0,3820600.0,0,0,0
52800.0,4015600.0,0,0,0
53100.0,4210600.0,0,0,0
53400.0,4405600.0,0,0,0
53700.0,4600600.0,0,0,0
54000.0,4564480.0,24.0,0,0
54300.0,4470580.0,24.0,0,0
54600.0,4376680.0,24.0,0,0
54900.0,4282780.0,24.0,0,0
55200.0,4188880.0,24.0,0,0
55500.0,4094980.0,24.0,0,0
55800.0,4001080.0,24.0,0,0
56100.0,3907180.0,24.0,0,0
56400.0,3813280.0,24.0,0,0
56700.0,3719380.0,24.0,0,0
57000.0,3625480.0,24.0,0,0
57300.0,3531580.0,24.0,0,0
57600.0,3437680.0,24.0,0,0
57900.0,3343780.0,24.0,0,0
58200.0,3249880.0,24.0,0,0
58500.0,3155980.0,24.0,0,0
58800.0,3062080.0,24.0,0,0
59100.0,2968180.0,24.0,0,0
59400.0,2874280.0,24.0,0,0
59700.0,2780380.0,24.0,0,0
60000.0,2686480.0,24.0,0,0
60300.0,2592580.0,24.0,0,0
60600.0,2498680.0,24.0,0,0
60900.0,2404780.0,24.0,0,0
61200.0,2310880.0,24.0,0,0
61500.0,2216980.0,24.0,0,0
61800.0,2123080.0,24.0,0,0
62100.0,2029180.0,24.0,0,0
62400.0,1935280.0,24.0,0,0
62700.0,1841380.0,24.0,0,0
63000.0,1747480.0,24.0,0,0
63300.0,1653580.0,24.0,0,0
63600.0,1559680.0,24.0,0,0
63900.0,1465780.0,24.0,0,0
64200.0,1371880.0,24.0,0,0
64500.0,1277980.0,24.0,0,0
64800.0,1184080.0,24.0,0,0
65100.0,1090180.0,24.0,0,0
65400.0,996280.0,24.0,0,0
65700.0,902380.0,24.0,0,0
66000.0,808480.0,24.0,0,0
66300.0,714580.0,24.0,0,0
66600.0,620680.0,24.0,0,0
66900.0,526780.0,24.0,0,0
67200.0,432880.0,24.0,0,0
67500.0,338980.0,24.0,0,0
67800.0,245080.0,24.0,0,0
68100.0,151180.0,24.0,0,0
68400.0,288400.0,0,0,0
68700.0,483400.0,0,0,0
69000.0,678400.0,0,0,0
69300.0,873400.0,0,0,0
69600.0,1068400.0,0,0,0
69900.0,1263400.0,0,0,0
70200.0,1458400.0,0,0,0
70500.0,1653400.0,0,0,0
70800.0,1848400.0,0,0,0
71100.0,2043400.0,0,0,0
71400.0,2238400.0,0,0,0
71700.0,2433400.0,0,0,0
72000.0,2628400.0,0,0,0
72300.0,2823400.0,0,0,0
72600.0,3018400.0,0,0,0
72900.0,3213400.0,0,0,0
73200.0,3408400.0,0,0,0
73500.0,3603400.0,0,0,0
73800.0,3798400.0,0,0,0
74100.0,3993400.0,0,0,0
74400.0,4188400.0,0,0,0
74700.0,4383400.0,0,0,0
75000.0,4578400.0,0,0,0
75300.0,4773400.0,0,0,0
75600.0,4812400.0,0,0,0
75900.0,4812400.0,0,0,0
76200.0,4812400.0,0,0,0
76500.0,4812400.0,0,0,0
76800.0,4812400.0,0,0,0
77100.0,4812400.0,0,0,0
77400.0,4812400.0,0,0,0
77700.0,4812400.0,0,0,0
78000.0,4812400.0,0,0,0
78300.0,4812400.0,0,0,0
78600.0,4812400.0,0,0,0
78900.0,4812400.0,0,0,0
79200.0,4812400.0,0,0,0
79500.0,4812400.0,0,0,0
79800.0,4812400.0,0,0,0
80100.0,4812400.0,0,0,0
80400.0,4812400.0,0,0,0
80700.0,4812400.0,0,0,0
81000.0,4812400.0,0,0,0
81300.0,4812400.0,0,0,0
81600.0,4812400.0,0,0,0
81900.0,4812400.0,0,0,0
82200.0,4812400.0,0,0,0
82500.0,4812400.0,0,0,0
82800.0,4812400.0,0,0,0
83100.0,4812400.0,0,0,0
83400.0,4812400.0,0,0,0
83700.0,4812400.0,0,0,0
84000.0,4812400.0,0,0,0
84300.0,4812400.0,0,0,0
84600.0,4812400.0,0,0,0
84900.0,4812400.0,0,0,0
85200.0,4812400.0,0,0,0
85500.0,4812400.0,0,0,0
85800.0,4812400.0,0,0,0
86100.0,4812400.0,0,0,0
86400.0,4812400.0,0,0,0
86700.0,4812400.0,0,0,0
87000.0,4812400.0,0,0,0
87300.0,4812400.0,0,0,0
87600.0,4812400.0,0,0,0
87900.0,4812400.0,0,0,0
88200.0,4812400.0,0,0,0
88500.0,4812400.0,0,0,0
88800.0,4812400.0,0,0,0
89100.0,4812400.0,0,0,0
89400.0,4812400.0,0,0,0
89700.0,4812400.0,0,0,0
90000.0,4812400.0,0,0,0
90300.0,4812400.0,0,0,0
90600.0,4812400.0,0,0,0
90900.0,4812400.0,0,0,0
91200.0,4812400.0,0,0,0
91500.0,4812400.0,0,0,0
91800.0,4812400.0,0,0,0
92100.0,4812400.0,0,0,0
92400.0,4812400.0,0,0,0
92700.0,4812400.0,0,0,0
93000.0,4812400.0,0,0,0
93300.0,4812400.0,0,0,0
93600.0,4812400.0,0,0,0
93900.0,4812400.0,0,0,0
94200.0,4812400.0,0,0,0
94500.0,4812400.0,0,0,0
94800.0,4812400.0,0,0,0
95100.0,4812400.0,0,0,0
95400.0,4812400.0,0,0,0
95700.0,4812400.0,0,0,0
96000.0,4812400.0,0,0,0
96300.0,4812400.0,0,0,0
96600.0,4812400.0,0,0,0
96900.0,4812400.0,0,0,0
97200.0,4812400.0,0,0,0
97500.0,4812400.0,0,0,0
97800.0,4812400.0,0,0,0
98100.0,4812400.0,0,0,0
98400.0,4812400.0,0,0,0
98700.0,4812400.0,0,0,0
99000.0,4812400.0,0,0,0
99300.0,4812400.0,0,0,0
99600.0,4812400.0,0,0,0
99900.0,4812400.0,0,0,0
100200.0,4812400.0,0,0,0
100500.0,4812400.0,0,0,0
100800.0,4812400.0,0,0,0
101100.0,4812400.0,0,0,0
101400.0,4812400.0,0,0,0
101700.0,4812400.0,0,0,0
102000.0,4812400.0,0,0,0
102300.0,4812400.0,0,0,0
102600.0,4812400.0,0,0,0
102900.0,4812400.0,0,0,0
103200.0,4812400.0,0,0,0
103500.0,4812400.0,0,0,0
103800.0,4812400.0,0,0,0
104100.0,4812400.0,0,0,0
104400.0,4812400.0,0,0,0
104700.0,4812400.0,0,0,0
105000.0,4812400.0,0,0,0
105300.0,4812400.0,0,0,0
105600.0,4812400.0,0,0,0
105900.0,4812400.0,0,0,0
106200.0,4812400.0,0,0,0
106500.0,4812400.0,0,0,0
106800.0,4812400.0,0,0,0
107100.0,4812400.0,0,0,0
107400.0,4812400.0,0,0,0
107700.0,4812400.0,0,0,0
108000.0,4812400.0,0,0,0
108300.0,4812400.0,0,0,0
108600.0,4812400.0,0,0,0
108900.0,4812400.0,0,0,0
109200.0,4812400.0,0,0,0
109500.0,4812400.0,0,0,0
109800.0,4812400.0,0,0,0
110100.0,4812400.0,0,0,0
110400.0,4812400.0,0,0,0
110700.0,4812400.0,0,0,0
111000.0,4812400.0,0,0,0
111300.0,4812400.0,0,0,0
111600.0,4812400.0,0,0,0
111900.0,4812400.0,0,0,0
112200.0,4812400.0,0,0,0
112500.0,4812400.0,0,0,0
112800.0,4812400.0,0,0,0
113100.0,4812400.0,0,0,0
113400.0,4812400.0,0,0,0
113700.0,4812400.0,0,0,0
114000.0,4812400.0,0,0,0
114300.0,4812400.0,0,0,0
114600.0,4812400.0,0,0,0
114900.0,4812400.0,0,0,0
115200.0,4812400.0,0,0,0
115500.0,4812400.0,0,0,0
115800.0,4812400.0,0,0,0
116100.0,4812400.0,0,0,0
116400.0,4812400.0,0,0,0
116700.0,4812400.0,0,0,0
117000.0,4812400.0,0,0,0
117300.0,4812400.0,0,0,0
117600.0,4812400.0,0,0,0
117900.0,4812400.0,0,0,0
118200.0,4812400.0,0,0,0
118500.0,4812400.0,0,0,0
118800.0,4968400.0,0,0,0
119100.0,5163400.0,0,0,0
119400.0,5358400.0,0,0,0
119700.0,5553400.0,0,0,0
120000.0,5748400.0,0,0,0
120300.0,5943400.0,0,0,0
120600.0,6138400.0,0,0,0
120900.0,6333400.0,0,0,0
121200.0,6528400.0,0,0,0
121500.0,6723400.0,0,0,0
121800.0,6918400.0,0,0,0
122100.0,7113400.0,0,0,0
122400.0,7308400.0,0,0,0
122700.0,7503400.0,0,0,0
123000.0,7698400.0,0,0,0
123300.0,7893400.0,0,0,0
123600.0,8088400.0,0,0,0
123900.0,8283400.0,0,0,0
124200.0,8478400.0,0,0,0
124500.0,8673400.0,0,0,0
124800.0,8868400.0,0,0,0
125100.0,9063400.0,0,0,0
125400.0,9258400.0,0,0,0
125700.0,9453400.0,0,0,0
126000.0,9417280.0,24.0,0,0
126300.0,9323380.0,24.0,0,0
126600.0,9229480.0,24.0,0,0
126900.0,9135580.0,24.0,0,0
127200.0,9041680.0,24.0,0,0
127500.0,8947780.0,24.0,0,0
127800.0,8853880.0,24.0,0,0
128100.0,8759980.0,24.0,0,0
128400.0,8666080.0,24.0,0,0
128700.0,8572180.0,24.0,0,0
129000.0,8478280.0,24.0,0,0
129300.0,8384380.0,24.0,0,0
129600.0,8290480.0,24.0,0,0
129900.0,8196580.0,24.0,0,0
130200.0,8102680.0,24.0,0,0
130500.0,8008780.0,24.0,0,0
130800.0,7914880.0,24.0,0,0
131100.0,7820980.0,24.0,0,0
131400.0,7727080.0,24.0,0,0
131700.0,7633180.0,24.0,0,0
132000.0,7539280.0,24.0,0,0
132300.0,7445380.0,24.0,0,0
132600.0,7351480.0,24.0,0,0
132900.0,7257580.0,24.0,0,0
133200.0,7163680.0,24.0,0,0
133500.0,7069780.0,24.0,0,0
133800.0,6975880.0,24.0,0,0
134100.0,6881980.0,24.0,0,0
134400.0,6788080.0,24.0,0,0
134700.0,6694180.0,24.0,0,0
135000.0,6600280.0,24.0,0,0
135300.0,6506380.0,24.0,0,0
135600.0,6412480.0,24.0,0,0
135900.0,6318580.0,24.0,0,0
136200.0,6224680.0,24.0,0,0
136500.0,6130780.0,24.0,0,0
136800.0,6268000.0,0,0,0
137100.0,6463000.0,0,0,0
137400.0,6658000.0,0,0,0
137700.0,6853000.0,0,0,0
138000.0,7048000.0,0,0,0
138300.0,7243000.0,0,0,0
138600.0,7438000.0,0,0,0
138900.0,7633000.0,0,0,0
139200.0,7828000.0,0,0,0
139500.0,8023000.0,0,0,0
139800.0,8218000.0,0,0,0
140100.0,8413000.0,0,0,0
140400.0,8376880.0,24.0,0,0
140700.0,8282980.0,24.0,0,0
141000.0,8189080.0,24.0,0,0
141300.0,8095180.0,24.0,0,0
141600.0,8001280.0,24.0,0,0
141900.0,7907380.0,24.0,0,0
142200.0,7813480.0,24.0,0,0
142500.0,7719580.0,24.0,0,0
142800.0,7625680.0,24.0,0,0
143100.0,7531780.0,24.0,0,0
143400.0,7437880.0,24.0,0,0
143700.0,7343980.0,24.0,0,0
144000.0,7250080.0,24.0,0,0
144300.0,7156180.0,24.0,0,0
144600.0,7062280.0,24.0,0,0
144900.0,6968380.0,24.0,0,0
145200.0,6874480.0,24.0,0,0
145500.0,6780580.0,24.0,0,0
145800.0,6686680.0,24.0,0,0
146100.0,6592780.0,24.0,0,0
146400.0,6498880.0,24.0,0,0
146700.0,6404980.0,24.0,0,0
147000.0,6311080.0,24.0,0,0
147300.0,6217180.0,24.0,0,0
147600.0,6123280.0,24.0,0,0
147900.0,6029380.0,24.0,0,0
148200.0,5935480.0,24.0,0,0
148500.0,5841580.0,24.0,0,0
148800.0,5747680.0,24.0,0,0
149100.0,5653780.0,24.0,0,0
149400.0,5559880.0,24.0,0,0
149700.0,5465980.0,24.0,0,0
150000.0,5372080.0,24.0,0,0
150300.0,5278180.0,24.0,0,0
150600.0,5184280.0,24.0,0,0
150900.0,5090380.0,24.0,0,0
151200.0,4996480.0,24.0,0,0
151500.0,4902580.0,24.0,0,0
151800.0,4808680.0,24.0,0,0
152100.0,4714780.0,24.0,0,0
152400.0,4620880.0,24.0,0,0
152700.0,4526980.0,24.0,0,0
153000.0,4433080.0,24.0,0,0
153300.0,4339180.0,24.0,0,0
153600.0,4245280.0,24.0,0,0
153900.0,4151380.0,24.0,0,0
154200.0,4057480.0,24.0,0,0
154500.0,3963580.0,24.0,0,0
154800.0,4100800.0,0,0,0
155100.0,4295800.0,0,0,0
155400.0,4490800.0,0,0,0
155700.0,4685800.0,0,0,0
156000.0,4880800.0,0,0,0
156300.0,5075800.0,0,0,0
156600.0,5270800.0,0,0,0
156900.0,5465800.0,0,0,0
157200.0,5660800.0,0,0,0
157500.0,5855800.0,0,0,0
157800.0,6050800.0,0,0,0
158100.0,6245800.0,0,0,0
158400.0,6440800.0,0,0,0
158700.0,6635800.0,0,0,0
159000.0,6830800.0,0,0,0
159300.0,7025800.0,0,0,0
159600.0,7220800.0,0,0,0
159900.0,7415800.0,0,0,0
160200.0,7610800.0,0,0,0
160500.0,7805800.0,0,0,0
160800.0,8000800.0,0,0,0
161100.0,8195800.0,0,0,0
161400.0,8390800.0,0,0,0
161700.0,8585800.0,0,0,0
162000.0,8624800.0,0,0,0
162300.0,8624800.0,0,0,0
162600.0,8624800.0,0,0,0
162900.0,8624800.0,0,0,0
163200.0,8624800.0,0,0,0
163500.0,8624800.0,0,0,0
163800.0,8624800.0,0,0,0
164100.0,8624800.0,0,0,0
164400.0,8624800.0,0,0,0
164700.0,8624800.0,0,0,0
165000.0,8624800.0,0,0,0
165300.0,8624800.0,0,0,0
165600.0,8624800.0,0,0,0
165900.0,8624800.0,0,0,0
166200.0,8624800.0,0,0,0
166500.0,8624800.0,0,0,0
166800.0,8624800.0,0,0,0
167100.0,8624800.0,0,0,0
167400.0,8624800.0,0,0,0
167700.0,8624800.0,0,0,0
168000.0,8624800.0,0,0,0
168300.0,8624800.0,0,0,0
168600.0,8624800.0,0,0,0
168900.0,8624800.0,0,0,0
169200.0,8624800.0,0,0,0
169500.0,8624800.0,0,0,0
169800.0,8624800.0,0,0,0
170100.0,8624800.0,0,0,0
170400.0,8624800.0,0,0,0
170700.0,8624800.0,0,0,0
171000.0,8624800.0,0,0,0
171300.0,8624800.0,0,0,0
171600.0,8624800.0,0,0,0
171900.0,8624800.0,0,0,0
172200.0,8624800.0,0,0,0
172500.0,8624800.0,0,0,0
172800.0,8624800.0,0,0,0
173100.0,8624800.0,0,0,0
173400.0,8624800.0,0,0,0
173700.0,8624800.0,0,0,0
174000.0,8624800.0,0,0,0
174300.0,8624800.0,0,0,0
174600.0,8624800.0,0,0,0
174900.0,8624800.0,0,0,0
175200.0,8624800.0,0,0,0
175500.0,8624800.0,0,0,0
175800.0,8624800.0,0,0,0
176100.0,8624800.0,0,0,0
176400.0,8624800.0,0,0,0
176700.0,8624800.0,0,0,0
177000.0,8624800.0,0,0,0
177300.0,8624800.0,0,0,0
177600.0,8624800.0,0,0,0
177900.0,8624800.0,0,0,0
178200.0,8624800.0,0,0,0
178500.0,8624800.0,0,0,0
178800.0,8624800.0,0,0,0
179100.0,8624800.0,0,0,0
179400.0,8624800.0,0,0,0
179700.0,8624800.0,0,0,0
180000.0,8624800.0,0,0,0
180300.0,8624800.0,0,0,0
180600.0,8624800.0,0,0,0
180900.0,8624800.0,0,0,0
181200.0,8624800.0,0,0,0
181500.0,8624800.0,0,0,0
181800.0,8624800.0,0,0,0
182100.0,8624800.0,0,0,0
182400.0,8624800.0,0,0,0
182700.0,8624800.0,0,0,0
183000.0,8624800.0,0,0,0
183300.0,8624800.0,0,0,0
183600.0,8624800.0,0,0,0
183900.0,8624800.0,0,0,0
184200.0,8624800.0,0,0,0
184500.0,8624800.0,0,0,0
184800.0,8624800.0,0,0,0
185100.0,8624800.0,0,0,0
185400.0,8624800.0,0,0,0
185700.0,8624800.0,0,0,0
186000.0,8624800.0,0,0,0
186300.0,8624800.0,0,0,0
186600.0,8624800.0,0,0,0
186900.0,8624800.0,0,0,0
187200.0,8624800.0,0,0,0
187500.0,8624800.0,0,0,0
187800.0,8624800.0,0,0,0
188100.0,8624800.0,0,0,0
188400.0,8624800.0,0,0,0
188700.0,8624800.0,0,0,0
189000.0,8624800.0,0,0,0
189300.0,8624800.0,0,0,0
189600.0,8624800.0,0,0,0
189900.0,8624800.0,0,0,0
190200.0,8624800.0,0,0,0
190500.0,8624800.0,0,0,0
190800.0,8624800.0,0,0,0
191100.0,8624800.0,0,0,0
191400.0,8624800.0,0,0,0
191700.0,8624800.0,0,0,0
192000.0,8624800.0,0,0,0
192300.0,8624800.0,0,0,0
192600.0,8624800.0,0,0,0
192900.0,8624800.0,0,0,0
193200.0,8624800.0,0,0,0
193500.0,8624800.0,0,0,0
193800.0,8624800.0,0,0,0
194100.0,8624800.0,0,0,0
194400.0,8624800.0,0,0,0
194700.0,8624800.0,0,0,0
195000.0,8624800.0,0,0,0
195300.0,8624800.0,0,0,0
195600.0,8624800.0,0,0,0
195900.0,8624800.0,0,0,0
196200.0,8624800.0,0,0,0
196500.0,8624800.0,0,0,0
196800.0,8624800.0,0,0,0
197100.0,8624800.0,0,0,0
197400.0,8624800.0,0,0,0
197700.0,8624800.0,0,0,0
198000.0,8624800.0,0,0,0
198300.0,8624800.0,0,0,0
198600.0,8624800.0,0,0,0
198900.0,8624800.0,0,0,0
199200.0,8624800.0,0,0,0
199500.0,8624800.0,0,0,0
199800.0,8624800.0,0,0,0
200100.0,8624800.0,0,0,0
200400.0,8624800.0,0,0,0
200700.0,8624800.0,0,0,0
201000.0,8624800.0,0,0,0
201300.0,8624800.0,0,0,0
201600.0,8624800.0,0,0,0
201900.0,8624800.0,0,0,0
202200.0,8624800.0,0,0,0
202500.0,8624800.0,0,0,0
202800.0,8624800.0,0,0,0
203100.0,8624800.0,0,0,0
203400.0,8624800.0,0,0,0
203700.0,8624800.0,0,0,0
204000.0,8624800.0,0,0,0
204300.0,8624800.0,0,0,0
204600.0,8624800.0,0,0,0
204900.0,8624800.0,0,0,0
205200.0,8780800.0,0,0,0
205500.0,8975800.0,0,0,0
205800.0,9170800.0,0,0,0
206100.0,9365800.0,0,0,0
206400.0,9560800.0,0,0,0
206700.0,9755800.0,0,0,0
207000.0,9950800.0,0,0,0
207300.0,10145800.0,0,0,0
207600.0,10340800.0,0,0,0
207900.0,10535800.0,0,0,0
208200.0,10730800.0,0,0,0
208500.0,10925800.0,0,0,0
208800.0,11120800.0,0,0,0
209100.0,11315800.0,0,0,0
209400.0,11510800.0,0,0,0
209700.0,11705800.0,0,0,0
210000.0,11900800.0,0,0,0
210300.0,12095800.0,0,0,0
210600.0,12290800.0,0,0,0
210900.0,12485800.0,0,0,0
211200.0,12680800.0,0,0,0
211500.0,12875800.0,0,0,0
211800.0,13070800.0,0,0,0
212100.0,13265800.0,0,0,0
212400.0,13229680.0,24.0,0,0
212700.0,13135780.0,24.0,0,0
213000.0,13041880.0,24.0,0,0
213300.0,12947980.0,24.0,0,0
213600.0,12854080.0,24.0,0,0
213900.0,12760180.0,24.0,0,0
214200.0,12666280.0,24.0,0,0
214500.0,12572380.0,24.0,0,0
214800.0,12478480.0,24.0,0,0
215100.0,12384580.0,24.0,0,0
215400.0,12290680.0,24.0,0,0
215700.0,12196780.0,24.0,0,0
216000.0,12102880.0,24.0,0,0
216300.0,12008980.0,24.0,0,0
216600.0,11915080.0,24.0,0,0
216900.0,11821180.0,24.0,0,0
217200.0,11727280.0,24.0,0,0
217500.0,11633380.0,24.0,0,0
217800.0,11539480.0,24.0,0,0
218100.0,11445580.0,24.0,0,0
218400.0,11351680.0,24.0,0,0
218700.0,11257780.0,24.0,0,0
219000.0,11163880.0,24.0,0,0
219300.0,11069980.0,24.0,0,0
219600.0,10976080.0,24.0,0,0
219900.0,10882180.0,24.0,0,0
220200.0,10788280.0,24.0,0,0
220500.0,10694380.0,24.0,0,0
220800.0,10600480.0,24.0,0,0
221100.0,10506580.0,24.0,0,0
221400.0,10412680.0,24.0,0,0
221700.0,10318780.0,24.0,0,0
222000.0,10224880.0,24.0,0,0
222300.0,10130980.0,24.0,0,0
222600.0,10037080.0,24.0,0,0
222900.0,9943180.0,24.0,0,0
223200.0,10080400.0,0,0,0
223500.0,10275400.0,0,0,0
223800.0,10470400.0,0,0,0
224100.0,10665400.0,0,0,0
224400.0,10860400.0,0,0,0
224700.0,11055400.0,0,0,0
225000.0,11250400.0,0,0,0
225300.0,11445400.0,0,0,0
225600.0,11640400.0,0,0,0
225900.0,11835400.0,0,0,0
226200.0,12030400.0,0,0,0
226500.0,12225400.0,0,0,0
226800.0,12189280.0,24.0,0,0
227100.0,12095380.0,24.0,0,0
227400.0,12001480.0,24.0,0,0
227700.0,11907580.0,24.0,0,0
228000.0,11813680.0,24.0,0,0
228300.0,11719780.0,24.0,0,0
228600.0,11625880.0,24.0,0,0
228900.0,11531980.0,24.0,0,0
229200.0,11438080.0,24.0,0,0
229500.0,11344180.0,24.0,0,0
229800.0,11250280.0,24.0,0,0
230100.0,11156380.0,24.0,0,0
230400.0,11062480.0,24.0,0,0
230700.0,10968580.0,24.0,0,0
231000.0,10874680.0,24.0,0,0
231300.0,10780780.0,24.0,0,0
231600.0,10686880.0,24.0,0,0
231900.0,10592980.0,24.0,0,0
232200.0,10499080.0,24.0,0,0
232500.0,10405180.0,24.0,0,0
232800.0,10311280.0,24.0,0,0
233100.0,10217380.0,24.0,0,0
233400.0,10123480.0,24.0,0,0
233700.0,10029580.0,24.0,0,0
234000.0,9935680.0,24.0,0,0
234300.0,9841780.0,24.0,0,0
234600.0,9747880.0,24.0,0,0
234900.0,9653980.0,24.0,0,0
235200.0,9560080.0,24.0,0,0
235500.0,9466180.0,24.0,0,0
235800.0,9372280.0,24.0,0,0
236100.0,9278380.0,24.0,0,0
236400.0,9184480.0,24.0,0,0
236700.0,9090580.0,24.0,0,0
237000.0,8996680.0,24.0,0,0
237300.0,8902780.0,24.0,0,0
237600.0,8808880.0,24.0,0,0
237900.0,8714980.0,24.0,0,0
238200.0,8621080.0,24.0,0,0
238500.0,8527180.0,24.0,0,0
238800.0,8433280.0,24.0,0,0
239100.0,8339380.0,24.0,0,0
239400.0,8245480.0,24.0,0,0
239700.0,8151580.0,24.0,0,0
240000.0,8057680.0,24.0,0,0
240300.0,7963780.0,24.0,0,0
240600.0,7869880.0,24.0,0,0
240900.0,7775980.0,24.0,0,0
241200.0,7913200.0,0,0,0
241500.0,8108200.0,0,0,0
241800.0,8303200.0,0,0,0
242100.0,8498200.0,0,0,0
242400.0,8693200.0,0,0,0
242700.0,8888200.0,0,0,0
243000.0,9083200.0,0,0,0
243300.0,9278200.0,0,0,0
243600.0,9473200.0,0,0,0
243900.0,9668200.0,0,0,0
244200.0,9863200.0,0,0,0
244500.0,10058200.0,0,0,0
244800.0,10253200.0,0,0,0
245100.0,10448200.0,0,0,0
245400.0,10643200.0,0,0,0
245700.0,10838200.0,0,0,0
246000.0,11033200.0,0,0,0
246300.0,11228200.0,0,0,0
246600.0,11423200.0,0,0,0
246900.0,11618200.0,0,0,0
247200.0,11813200.0,0,0,0
247500.0,12008200.0,0,0,0
247800.0,12203200.0,0,0,0
248100.0,12398200.0,0,0,0
248400.0,12437200.0,0,0,0
248700.0,12437200.0,0,0,0
249000.0,12437200.0,0,0,0
249300.0,12437200.0,0,0,0
249600.0,12437200.0,0,0,0
249900.0,12437200.0,0,0,0
250200.0,12437200.0,0,0,0
250500.0,12437200.0,0,0,0
250800.0,12437200.0,0,0,0
251100.0,12437200.0,0,0,0
251400.0,12437200.0,0,0,0
251700.0,12437200.0,0,0,0
252000.0,12437200.0,0,0,0
252300.0,12437200.0,0,0,0
252600.0,12437200.0,0,0,0
252900.0,12437200.0,0,0,0
253200.0,12437200.0,0,0,0
253500.0,12437200.0,0,0,0
253800.0,12437200.0,0,0,0
254100.0,12437200.0,0,0,0
254400.0,12437200.0,0,0,0
254700.0,12437200.0,0,0,0
255000.0,12437200.0,0,0,0
255300.0,12437200.0,0,0,0
255600.0,12437200.0,0,0,0
255900.0,12437200.0,0,0,0
256200.0,12437200.0,0,0,0
256500.0,12437200.0,0,0,0
256800.0,12437200.0,0,0,0
257100.0,12437200.0,0,0,0
257400.0,12437200.0,0,0,0
257700.0,12437200.0,0,0,0
258000.0,12437200.0,0,0,0
258300.0,12437200.0,0,0,0
258600.0,12437200.0,0,0,0
258900.0,12437200.0,0,0,0
259200.0,12437200.0,0,0,0
259500.0,12437200.0,0,0,0
259800.0,12437200.0,0,0,0
260100.0,12437200.0,0,0,0
260400.0,12437200.0,0,0,0
260700.0,12437200.0,0,0,0
261000.0,12437200.0,0,0,0
261300.0,12437200.0,0,0,0
261600.0,12437200.0,0,0,0
261900.0,12437200.0,0,0,0
262200.0,12437200.0,0,0,0
262500.0,12437200.0,0,0,0
262800.0,12437200.0,0,0,0
263100.0,12437200.0,0,0,0
263400.0,12437200.0,0,0,0
263700.0,12437200.0,0,0,0
264000.0,12437200.0,0,0,0
264300.0,12437200.0,0,0,0
264600.0,12437200.0,0,0,0
264900.0,12437200.0,0,0,0
265200.0,12437200.0,0,0,0
265500.0,12437200.0,0,0,0
265800.0,12437200.0,0,0,0
266100.0,12437200.0,0,0,0
266400.0,12437200.0,0,0,0
266700.0,12437200.0,0,0,0
267000.0,12437200.0,0,0,0
267300.0,12437200.0,0,0,0
267600.0,12437200.0,0,0,0
267900.0,12437200.0,0,0,0
268200.0,12437200.0,0,0,0
268500.0,12437200.0,0,0,0
268800.0,12437200.0,0,0,0
269100.0,12437200.0,0,0,0
269400.0,12437200.0,0,0,0
269700.0,12437200.0,0,0,0
270000.0,12437200.0,0,0,0
270300.0,12437200.0,0,0,0
270600.0,12437200.0,0,0,0
270900.0,12437200.0,0,0,0
271200.0,12437200.0,0,0,0
271500.0,12437200.0,0,0,0
271800.0,12437200.0,0,0,0
272100.0,12437200.0,0,0,0
272400.0,12437200.0,0,0,0
272700.0,12437200.0,0,0,0
273000.0,12437200.0,0,0,0
273300.0,12437200.0,0,0,0
273600.0,12437200.0,0,0,0
273900.0,12437200.0,0,0,0
274200.0,12437200.0,0,0,0
274500.0,12437200.0,0,0,0
274800.0,12437200.0,0,0,0
275100.0,12437200.0,0,0,0
275400.0,12437200.0,0,0,0
275700.0,12437200.0,0,0,0
276000.0,12437200.0,0,0,0
276300.0,12437200.0,0,0,0
276600.0,12437200.0,0,0,0
276900.0,12437200.0,0,0,0
277200.0,12437200.0,0,0,0
277500.0,12437200.0,0,0,0
277800.0,12437200.0,0,0,0
278100.0,12437200.0,0,0,0
278400.0,12437200.0,0,0,0
278700.0,12437200.0,0,0,0
279000.0,12437200.0,0,0,0
279300.0,12437200.0,0,0,0
279600.0,12437200.0,0,0,0
279900.0,12437200.0,0,0,0
280200.0,12437200.0,0,0,0
280500.0,12437200.0,0,0,0
280800.0,12437200.0,0,0,0
281100.0,12437200.0,0,0,0
281400.0,12437200.0,0,0,0
281700.0,12437200.0,0,0,0
282000.0,12437200.0,0,0,0
282300.0,12437200.0,0,0,0
282600.0,12437200.0,0,0,0
282900.0,12437200.0,0,0,0
283200.0,12437200.0,0,0,0
283500.0,12437200.0,0,0,0
283800.0,12437200.0,0,0,0
284100.0,12437200.0,0,0,0
284400.0,12437200.0,0,0,0
284700.0,12437200.0,0,0,0
285000.0,12437200.0,0,0,0
285300.0,12437200.0,0,0,0
285600.0,12437200.0,0,0,0
285900.0,12437200.0,0,0,0
286200.0,12437200.0,0,0,0
286500.0,12437200.0,0,0,0
286800.0,12437200.0,0,0,0
287100.0,12437200.0,0,0,0
287400.0,12437200.0,0,0,0
287700.0,12437200.0,0,0,0
288000.0,12437200.0,0,0,0
288300.0,12437200.0,0,0,0
288600.0,12437200.0,0,0,0
288900.0,12437200.0,0,0,0
289200.0,12437200.0,0,0,0
289500.0,12437200.0,0,0,0
289800.0,12437200.0,0,0,0
290100.0,12437200.0,0,0,0
290400.0,12437200.0,0,0,0
290700.0,12437200.0,0,0,0
291000.0,12437200.0,0,0,0
291300.0,12437200.0,0,0,0
291600.0,12593200.0,0,0,0
291900.0,12788200.0,0,0,0
292200.0,12983200.0,0,0,0
292500.0,13178200.0,0,0,0
292800.0,13373200.0,0,0,0
293100.0,13568200.0,0,0,0
293400.0,13763200.0,0,0,0
293700.0,13958200.0,0,0,0
294000.0,14153200.0,0,0,0
294300.0,14348200.0,0,0,0
294600.0,14543200.0,0,0,0
294900.0,14738200.0,0,0,0
295200.0,14933200.0,0,0,0
295500.0,15128200.0,0,0,0
295800.0,15323200.0,0,0,0
296100.0,15518200.0,0,0,0
296400.0,15713200.0,0,0,0
296700.0,15908200.0,0,0,0
297000.0,16103200.0,0,0,0
297300.0,16298200.0,0,0,0
297600.0,16493200.0,0,0,0
297900.0,16688200.0,0,0,0
298200.0,16883200.0,0,0,0
298500.0,17078200.0,0,0,0
298800.0,17042080.0,24.0,0,0
299100.0,16948180.0,24.0,0,0
299400.0,16854280.0,24.0,0,0
299700.0,16760380.0,24.0,0,0
300000.0,16666480.0,24.0,0,0
300300.0,16572580.0,24.0,0,0
300600.0,16478680.0,24.0,0,0
300900.0,16384780.0,24.0,0,0
301200.0,16290880.0,24.0,0,0
301500.0,16196980.0,24.0,0,0
301800.0,16103080.0,24.0,0,0
302100.0,16009180.0,24.0,0,0
302400.0,15915280.0,24.0,0,0
302700.0,15821380.0,24.0,0,0
303000.0,15727480.0,24.0,0,0
303300.0,15633580.0,24.0,0,0
303600.0,15539680.0,24.0,0,0
303900.0,15445780.0,24.0,0,0
304200.0,15351880.0,24.0,0,0
304500.0,15257980.0,24.0,0,0
304800.0,15164080.0,24.0,0,0
305100.0,15070180.0,24.0,0,0
305400.0,14976280.0,24.0,0,0
305700.0,14882380.0,24.0,0,0
306000.0,14788480.0,24.0,0,0
306300.0,14694580.0,24.0,0,0
306600.0,14600680.0,24.0,0,0
306900.0,14506780.0,24.0,0,0
307200.0,14412880.0,24.0,0,0
307500.0,14318980.0,24.0,0,0
307800.0,14225080.0,24.0,0,0
308100.0,14131180.0,24.0,0,0
308400.0,14037280.0,24.0,0,0
308700.0,13943380.0,24.0,0,0
309000.0,13849480.0,24.0,0,0
309300.0,13755580.0,24.0,0,0
309600.0,13892800.0,0,0,0
309900.0,14087800.0,0,0,0
310200.0,14282800.0,0,0,0
310500.0,14477800.0,0,0,0
310800.0,14672800.0,0,0,0
311100.0,14867800.0,0,0,0
311400.0,15062800.0,0,0,0
311700.0,15257800.0,0,0,0
312000.0,15452800.0,0,0,0
312300.0,15647800.0,0,0,0
312600.0,15842800.0,0,0,0
312900.0,16037800.0,0,0,0
313200.0,16001680.0,24.0,0,0
313500.0,15907780.0,24.0,0,0
313800.0,15813880.0,24.0,0,0
314100.0,15719980.0,24.0,0,0
314400.0,15626080.0,24.0,0,0
314700.0,15532180.0,24.0,0,0
315000.0,15438280.0,24.0,0,0
315300.0,15344380.0,24.0,0,0
315600.0,15250480.0,24.0,0,0
315900.0,15156580.0,24.0,0,0
316200.0,15062680.0,24.0,0,0
316500.0,14968780.0,24.0,0,0
316800.0,14874880.0,24.0,0,0
317100.0,14780980.0,24.0,0,0
317400.0,14687080.0,24.0,0,0
317700.0,14593180.0,24.0,0,0
318000.0,14499280.0,24.0,0,0
318300.0,14405380.0,24.0,0,0
318600.0,14311480.0,24.0,0,0
318900.0,14217580.0,24.0,0,0
319200.0,14123680.0,24.0,0,0
319500.0,14029780.0,24.0,0,0
319800.0,13935880.0,24.0,0,0
320100.0,13841980.0,24.0,0,0
320400.0,13748080.0,24.0,0,0
320700.0,13654180.0,24.0,0,0
321000.0,13560280.0,24.0,0,0
321300.0,13466380.0,24.0,0,0
321600.0,13372480.0,24.0,0,0
321900.0,13278580.0,24.0,0,0
322200.0,13184680.0,24.0,0,0
322500.0,13090780.0,24.0,0,0
322800.0,12996880.0,24.0,0,0
323100.0,12902980.0,24.0,0,0
323400.0,12809080.0,24.0,0,0
323700.0,12715180.0,24.0,0,0
324000.0,12621280.0,24.0,0,0
324300.0,12527380.0,24.0,0,0
324600.0,12433480.0,24.0,0,0
324900.0,12339580.0,24.0,0,0
325200.0,12245680.0,24.0,0,0
325500.0,12151780.0,24.0,0,0
325800.0,12057880.0,24.0,0,0
326100.0,11963980.0,24.0,0,0
326400.0,11870080.0,24.0,0,0
326700.0,11776180.0,24.0,0,0
327000.0,11682280.0,24.0,0,0
327300.0,11588380.0,24.0,0,0
327600.0,11725600.0,0,0,0
327900.0,11920600.0,0,0,0
328200.0,12115600.0,0,0,0
328500.0,12310600.0,0,0,0
328800.0,12505600.0,0,0,0
329100.0,12700600.0,0,0,0
329400.0,12895600.0,0,0,0
329700.0,13090600.0,0,0,0
330000.0,13285600.0,0,0,0
330300.0,13480600.0,0,0,0
330600.0,13675600.0,0,0,0
330900.0,13870600.0,0,0,0
331200.0,14065600.0,0,0,0
331500.0,14260600.0,0,0,0
331800.0,14455600.0,0,0,0
332100.0,14650600.0,0,0,0
332400.0,14845600.0,0,0,0
332700.0,15040600.0,0,0,0
333000.0,15235600.0,0,0,0
333300.0,15430600.0,0,0,0
333600.0,15625600.0,0,0,0
333900.0,15820600.0,0,0,0
334200.0,16015600.0,0,0,0
334500.0,16210600.0,0,0,0
334800.0,16249600.0,0,0,0
335100.0,16249600.0,0,0,0
335400.0,16249600.0,0,0,0
335700.0,16249600.0,0,0,0
336000.0,16249600.0,0,0,0
336300.0,16249600.0,0,0,0
336600.0,16249600.0,0,0,0
336900.0,16249600.0,0,0,0
337200.0,16249600.0,0,0,0
337500.0,16249600.0,0,0,0
337800.0,16249600.0,0,0,0
338100.0,16249600.0,0,0,0
338400.0,16249600.0,0,0,0
338700.0,16249600.0,0,0,0
339000.0,16249600.0,0,0,0
339300.0,16249600.0,0,0,0
339600.0,16249600.0,0,0,0
339900.0,16249600.0,0,0,0
340200.0,16249600.0,0,0,0
340500.0,16249600.0,0,0,0
340800.0,16249600.0,0,0,0
341100.0,16249600.0,0,0,0
341400.0,16249600.0,0,0,0
341700.0,16249600.0,0,0,0
342000.0,16249600.0,0,0,0
342300.0,16249600.0,0,0,0
342600.0,16249600.0,0,0,0
342900.0,16249600.0,0,0,0
343200.0,16249600.0,0,0,0
343500.0,16249600.0,0,0,0
343800.0,16249600.0,0,0,0
344100.0,16249600.0,0,0,0
344400.0,16249600.0,0,0,0
344700.0,16249600.0,0,0,0
345000.0,16249600.0,0,0,0
345300.0,16249600.0,0,0,0
345600.0,16249600.0,0,0,0
345900.0,16249600.0,0,0,0
346200.0,16249600.0,0,0,0
346500.0,16249600.0,0,0,0
346800.0,16249600.0,0,0,0
347100.0,16249600.0,0,0,0
347400.0,16249600.0,0,0,0
347700.0,16249600.0,0,0,0
348000.0,16249600.0,0,0,0
348300.0,16249600.0,0,0,0
348600.0,16249600.0,0,0,0
348900.0,16249600.0,0,0,0
349200.0,16249600.0,0,0,0
349500.0,16249600.0,0,0,0
349800.0,16249600.0,0,0,0
350100.0,16249600.0,0,0,0
350400.0,16249600.0,0,0,0
350700.0,16249600.0,0,0,0
351000.0,16249600.0,0,0,0
351300.0,16249600.0,0,0,0
351600.0,16249600.0,0,0,0
351900.0,16249600.0,0,0,0
352200.0,16249600.0,0,0,0
352500.0,16249600.0,0,0,0
352800.0,16249600.0,0,0,0
353100.0,16249600.0,0,0,0
353400.0,16249600.0,0,0,0
353700.0,16249600.0,0,0,0
354000.0,16249600.0,0,0,0
354300.0,16249600.0,0,0,0
354600.0,16249600.0,0,0,0
354900.0,16249600.0,0,0,0
355200.0,16249600.0,0,0,0
355500.0,16249600.0,0,0,0
355800.0,16249600.0,0,0,0
356100.0,16249600.0,0,0,0
356400.0,16249600.0,0,0,0
356700.0,16249600.0,0,0,0
357000.0,16249600.0,0,0,0
357300.0,16249600.0,0,0,0
357600.0,16249600.0,0,0,0
357900.0,16249600.0,0,0,0
358200.0,16249600.0,0,0,0
358500.0,16249600.0,0,0,0
358800.0,16249600.0,0,0,0
359100.0,16249600.0,0,0,0
359400.0,16249600.0,0,0,0
359700.0,16249600.0,0,0,0
360000.0,16249600.0,0,0,0
360300.0,16249600.0,0,0,0
360600.0,16249600.0,0,0,0
360900.0,16249600.0,0,0,0
361200.0,16249600.0,0,0,0
361500.0,16249600.0,0,0,0
361800.0,16249600.0,0,0,0
362100.0,16249600.0,0,0,0
362400.0,16249600.0,0,0,0
362700.0,16249600.0,0,0,0
363000.0,16249600.0,0,0,0
363300.0,16249600.0,0,0,0
363600.0,16249600.0,0,0,0
363900.0,16249600.0,0,0,0
364200.0,16249600.0,0,0,0
364500.0,16249600.0,0,0,0
364800.0,16249600.0,0,0,0
365100.0,16249600.0,0,0,0
365400.0,16249600.0,0,0,0
365700.0,16249600.0,0,0,0
366000.0,16249600.0,0,0,0
366300.0,16249600.0,0,0,0
366600.0,16249600.0,0,0,0
366900.0,16249600.0,0,0,0
367200.0,16249600.0,0,0,0
367500.0,16249600.0,0,0,0
367800.0,16249600.0,0,0,0
368100.0,16249600.0,0,0,0
368400.0,16249600.0,0,0,0
368700.0,16249600.0,0,0,0
369000.0,16249600.0,0,0,0
369300.0,16249600.0,0,0,0
369600.0,16249600.0,0,0,0
369900.0,16249600.0,0,0,0
370200.0,16249600.0,0,0,0
370500.0,16249600.0,0,0,0
370800.0,16249600.0,0,0,0
371100.0,16249600.0,0,0,0
371400.0,16249600.0,0,0,0
371700.0,16249600.0,0,0,0
372000.0,16249600.0,0,0,0
372300.0,16249600.0,0,0,0
372600.0,16249600.0,0,0,0
372900.0,16249600.0,0,0,0
373200.0,16249600.0,0,0,0
373500.0,16249600.0,0,0,0
373800.0,16249600.0,0,0,0
374100.0,16249600.0,0,0,0
374400.0,16249600.0,0,0,0
374700.0,16249600.0,0,0,0
375000.0,16249600.0,0,0,0
375300.0,16249600.0,0,0,0
375600.0,16249600.0,0,0,0
375900.0,16249600.0,0,0,0
376200.0,16249600.0,0,0,0
376500.0,16249600.0,0,0,0
376800.0,16249600.0,0,0,0
377100.0,16249600.0,0,0,0
377400.0,16249600.0,0,0,0
377700.0,16249600.0,0,0,0
378000.0,16405600.0,0,0,0
378300.0,16600600.0,0,0,0
378600.0,16795600.0,0,0,0
378900.0,16990600.0,0,0,0
379200.0,17185600.0,0,0,0
379500.0,17380600.0,0,0,0
379800.0,17575600.0,0,0,0
380100.0,17770600.0,0,0,0
380400.0,17965600.0,0,0,0
380700.0,18160600.0,0,0,0
381000.0,18355600.0,0,0,0
381300.0,18550600.0,0,0,0
381600.0,18745600.0,0,0,0
381900.0,18940600.0,0,0,0
382200.0,19135600.0,0,0,0
382500.0,19330600.0,0,0,0
382800.0,19525600.0,0,0,0
383100.0,19720600.0,0,0,0
383400.0,19915600.0,0,0,0
383700.0,20110600.0,0,0,0
384000.0,20305600.0,0,0,0
384300.0,20500600.0,0,0,0
384600.0,20695600.0,0,0,0
384900.0,20890600.0,0,0,0
385200.0,20854480.0,24.0,0,0
385500.0,20760580.0,24.0,0,0
385800.0,20666680.0,24.0,0,0
386100.0,20572780.0,24.0,0,0
386400.0,20478880.0,24.0,0,0
386700.0,20384980.0,24.0,0,0
387000.0,20291080.0,24.0,0,0
387300.0,20197180.0,24.0,0,0
387600.0,20103280.0,24.0,0,0
387900.0,20009380.0,24.0,0,0
388200.0,19915480.0,24.0,0,0
388500.0,19821580.0,24.0,0,0
388800.0,19727680.0,24.0,0,0
389100.0,19633780.0,24.0,0,0
389400.0,19539880.0,24.0,0,0
389700.0,19445980.0,24.0,0,0
390000.0,19352080.0,24.0,0,0
390300.0,19258180.0,24.0,0,0
390600.0,19164280.0,24.0,0,0
390900.0,19070380.0,24.0,0,0
391200.0,18976480.0,24.0,0,0
391500.0,18882580.0,24.0,0,0
391800.0,18788680.0,24.0,0,0
392100.0,18694780.0,24.0,0,0
392400.0,18600880.0,24.0,0,0
392700.0,18506980.0,24.0,0,0
393000.0,18413080.0,24.0,0,0
393300.0,18319180.0,24.0,0,0
393600.0,18225280.0,24.0,0,0
393900.0,18131380.0,24.0,0,0
394200.0,18037480.0,24.0,0,0
394500.0,17943580.0,24.0,0,0
394800.0,17849680.0,24.0,0,0
395100.0,17755780.0,24.0,0,0
395400.0,17661880.0,24.0,0,0
395700.0,17567980.0,24.0,0,0
396000.0,17705200.0,0,0,0
396300.0,17900200.0,0,0,0
396600.0,18095200.0,0,0,0
396900.0,18290200.0,0,0,0
397200.0,18485200.0,0,0,0
397500.0,18680200.0,0,0,0
397800.0,18875200.0,0,0,0
398100.0,19070200.0,0,0,0
398400.0,19265200.0,0,0,0
398700.0,19460200.0,0,0,0
399000.0,19655200.0,0,0,0
399300.0,19850200.0,0,0,0
399600.0,19814080.0,24.0,0,0
399900.0,19720180.0,24.0,0,0
400200.0,19626280.0,24.0,0,0
400500.0,19532380.0,24.0,0,0
400800.0,19438480.0,24.0,0,0
401100.0,19344580.0,24.0,0,0
401400.0,19250680.0,24.0,0,0
401700.0,19156780.0,24.0,0,0
402000.0,19062880.0,24.0,0,0
402300.0,18968980.0,24.0,0,0
402600.0,18875080.0,24.0,0,0
402900.0,18781180.0,24.0,0,0
403200.0,18687280.0,24.0,0,0
403500.0,18593380.0,24.0,0,0
403800.0,18499480.0,24.0,0,0
404100.0,18405580.0,24.0,0,0
404400.0,18311680.0,24.0,0,0
404700.0,18217780.0,24.0,0,0
405000.0,18123880.0,24.0,0,0
405300.0,18029980.0,24.0,0,0
405600.0,17936080.0,24.0,0,0
405900.0,17842180.0,24.0,0,0
406200.0,17748280.0,24.0,0,0
406500.0,17654380.0,24.0,0,0
406800.0,17560480.0,24.0,0,0
407100.0,17466580.0,24.0,0,0
407400.0,17372680.0,24.0,0,0
407700.0,17278780.0,24.0,0,0
408000.0,17184880.0,24.0,0,0
408300.0,17090980.0,24.0,0,0
408600.0,16997080.0,24.0,0,0
408900.0,16903180.0,24.0,0,0
409200.0,16809280.0,24.0,0,0
409500.0,16715380.0,24.0,0,0
409800.0,16621480.0,24.0,0,0
410100.0,16527580.0,24.0,0,0
410400.0,16433680.0,24.0,0,0
410700.0,16339780.0,24.0,0,0
411000.0,16245880.0,24.0,0,0
411300.0,16151980.0,24.0,0,0
411600.0,16058080.0,24.0,0,0
411900.0,15964180.0,24.0,0,0
412200.0,15870280.0,24.0,0,0
412500.0,15776380.0,24.0,0,0
