Elapsed Time (s),Charge (Ah),Velocity (m/s),Solar Output (W(dc)),Battery Connection ()
0.0,1000000,0,0,0
300.0,1000000,0,0,0
600.0,1000000,0,0,0
900.0,1000000,0,0,0
1200.0,1000000,0,0,0
1500.0,1000000,0,0,0
1800.0,1000000,0,0,0
2100.0,1000000,0,0,0
2400.0,1000000,0,0,0
2700.0,1000000,0,0,0
3000.0,1000000,0,0,0
3300.0,1000000,0,0,0
3600.0,1000000,0,0,0
3900.0,1000000,0,0,0
4200.0,1000000,0,0,0
4500.0,1000000,0,0,0
4800.0,1000000,0,0,0
5100.0,1000000,0,0,0
5400.0,1000000,0,0,0
5700.0,1000000,0,0,0
6000.0,1000000,0,0,0
6300.0,1000000,0,0,0
6600.0,1000000,0,0,0
6900.0,1000000,0,0,0
7200.0,1000000,0,0,0
7500.0,1000000,0,0,0
7800.0,1000000,0,0,0
8100.0,1000000,0,0,0
8400.0,1000000,0,0,0
8700.0,1000000,0,0,0
9000.0,1000000,0,0,0
9300.0,1000000,0,0,0
9600.0,1000000,0,0,0
9900.0,1000000,0,0,0
10200.0,1000000,0,0,0
10500.0,1000000,0,0,0
10800.0,1000000,0,0,0
11100.0,1000000,0,0,0
11400.0,1000000,0,0,0
11700.0,1000000,0,0,0
12000.0,1000000,0,0,0
12300.0,1000000,0,0,0
12600.0,1000000,0,0,0
12900.0,1000000,0,0,0
13200.0,1000000,0,0,0
13500.0,1000000,0,0,0
13800.0,1000000,0,0,0
14100.0,1000000,0,0,0
14400.0,1000000,0,0,0
14700.0,1000000,0,0,0
15000.0,1000000,0,0,0
15300.0,1000000,0,0,0
15600.0,1000000,0,0,0
15900.0,1000000,0,0,0
16200.0,1000000,0,0,0
16500.0,1000000,0,0,0
16800.0,1000000,0,0,0
17100.0,1000000,0,0,0
17400.0,1000000,0,0,0
17700.0,1000000,0,0,0
18000.0,1000000,0,0,0
18300.0,1000000,0,0,0
18600.0,1000000,0,0,0
18900.0,1000000,0,0,0
19200.0,1000000,0,0,0
19500.0,1000000,0,0,0
19800.0,1000000,0,0,0
20100.0,1000000,0,0,0
20400.0,1000000,0,0,0
20700.0,1000000,0,0,0
21000.0,1000000,0,0,0
21300.0,1000000,0,0,0
21600.0,1000000,0,0,0
21900.0,1000000,0,0,0
22200.0,1000000,0,0,0
22500.0,1000000,0,0,0
22800.0,1000000,0,0,0
23100.0,1000000,0,0,0
23400.0,1000000,0,0,0
23700.0,1000000,0,0,0
24000.0,1000000,0,0,0
24300.0,1000000,0,0,0
24600.0,1000000,0,0,0
24900.0,1000000,0,0,0
25200.0,1000000,0,0,0
25500.0,1000000,0,0,0
25800.0,1000000,0,0,0
26100.0,1000000,0,0,0
26400.0,1000000,0,0,0
26700.0,1000000,0,0,0
27000.0,1000000,0,0,0
27300.0,1000000,0,0,0
27600.0,1000000,0,0,0
27900.0,1000000,0,0,0
28200.0,1000000,0,0,0
28500.0,1000000,0,0,0
28800.0,1000000,0,0,0
29100.0,1000000,0,0,0
29400.0,1000000,0,0,0
29700.0,1000000,0,0,0
30000.0,1000000,0,0,0
30300.0,1000000,0,0,0
30600.0,1000000,0,0,0
30900.0,1000000,0,0,0
31200.0,1000000,0,0,0
31500.0,1000000,0,0,0
31800.0,1000000,0,0,0
32100.0,1000000,0,0,0
32400.0,1000000,0,0,0
32700.0,1000000,0,0,0
33000.0,1000000,0,0,0
33300.0,1000000,0,0,0
33600.0,1000000,0,0,0
33900.0,1000000,0,0,0
34200.0,1000000,0,0,0
34500.0,1000000,0,0,0
34800.0,1000000,0,0,0
35100.0,1000000,0,0,0
35400.0,1000000,0,0,0
35700.0,1000000,0,0,0
36000.0,1000000,0,0,0
36300.0,1000000,0,0,0
36600.0,1000000,0,0,0
36900.0,1000000,0,0,0
37200.0,1000000,0,0,0
37500.0,1000000,0,0,0
37800.0,1000000,0,0,0
38100.0,1000000,0,0,0
38400.0,1000000,0,0,0
38700.0,1000000,0,0,0
39000.0,1000000,0,0,0
39300.0,1000000,0,0,0
39600.0,1000000,0,0,0
39900.0,1000000,0,0,0
40200.0,1000000,0,0,0
40500.0,1000000,0,0,0
40800.0,1000000,0,0,0
41100.0,1000000,0,0,0
41400.0,1000000,0,0,0
41700.0,1000000,0,0,0
42000.0,1000000,0,0,0
42300.0,1000000,0,0,0
42600.0,1000000,0,0,0
42900.0,1000000,0,0,0
43200.0,1000000,0,0,0
43500.0,1000000,0,0,0
43800.0,1000000,0,0,0
44100.0,1000000,0,0,0
44400.0,1000000,0,0,0
44700.0,1000000,0,0,0
45000.0,1000000,0,0,0
45300.0,1000000,0,0,0
45600.0,1000000,0,0,0
45900.0,1000000,0,0,0
46200.0,1000000,0,0,0
46500.0,1000000,0,0,0
46800.0,1000000,0,0,0
47100.0,1000000,0,0,0
47400.0,1000000,0,0,0
47700.0,1000000,0,0,0
48000.0,1000000,0,0,0
48300.0,1000000,0,0,0
48600.0,1000000,0,0,0
48900.0,1000000,0,0,0
49200.0,1000000,0,0,0
49500.0,1000000,0,0,0
49800.0,1000000,0,0,0
50100.0,1000000,0,0,0
50400.0,1000000,0,0,0
50700.0,1000000,0,0,0
51000.0,1000000,0,0,0
51300.0,1000000,0,0,0
51600.0,1000000,0,0,0
51900.0,1000000,0,0,0
52200.0,1000000,0,0,0
52500.0,1000000,0,0,0
52800.0,1000000,0,0,0
53100.0,1000000,0,0,0
53400.0,1000000,0,0,0
53700.0,1000000,0,0,0
54000.0,1000000,0,0,0
54300.0,1000000,0,0,0
54600.0,1000000,0,0,0
54900.0,1000000,0,0,0
55200.0,1058500,0,0,0
55500.0,1253500,0,0,0
55800.0,1448500,0,0,0
56100.0,1643500,0,0,0
56400.0,1838500,0,0,0
56700.0,2033500,0,0,0
57000.0,2228500,0,0,0
57300.0,2423500,0,0,0
57600.0,2618500,0,0,0
57900.0,2813500,0,0,0
58200.0,3008500,0,0,0
58500.0,3203500,0,0,0
58800.0,3398500,0,0,0
59100.0,3593500,0,0,0
59400.0,3788500,0,0,0
59700.0,3983500,0,0,0
60000.0,4178500,0,0,0
60300.0,4373500,0,0,0
60600.0,4568500,0,0,0
60900.0,4763500,0,0,0
61200.0,4958500,0,0,0
61500.0,5153500,0,0,0
61800.0,5348500,0,0,0
62100.0,5543500,0,0,0
62400.0,5651830.0,24.0,0,0
62700.0,5557930.0,24.0,0,0
63000.0,5464030.0,24.0,0,0
63300.0,5370130.0,24.0,0,0
63600.0,5276230.0,24.0,0,0
63900.0,5182330.0,24.0,0,0
64200.0,5088430.0,24.0,0,0
64500.0,4994530.0,24.0,0,0
64800.0,4900630.0,24.0,0,0
65100.0,4806730.0,24.0,0,0
65400.0,4712830.0,24.0,0,0
65700.0,4618930.0,24.0,0,0
66000.0,4525030.0,24.0,0,0
66300.0,4431130.0,24.0,0,0
66600.0,4337230.0,24.0,0,0
66900.0,4243330.0,24.0,0,0
67200.0,4149430.0,24.0,0,0
67500.0,4055530.0,24.0,0,0
67800.0,3961630.0,24.0,0,0
68100.0,3867730.0,24.0,0,0
68400.0,3773830.0,24.0,0,0
68700.0,3679930.0,24.0,0,0
69000.0,3586030.0,24.0,0,0
69300.0,3492130.0,24.0,0,0
69600.0,3398230.0,24.0,0,0
69900.0,3304330.0,24.0,0,0
70200.0,3210430.0,24.0,0,0
70500.0,3116530.0,24.0,0,0
70800.0,3022630.0,24.0,0,0
71100.0,2928730.0,24.0,0,0
71400.0,2834830.0,24.0,0,0
71700.0,2740930.0,24.0,0,0
72000.0,2647030.0,24.0,0,0
72300.0,2553130.0,24.0,0,0
72600.0,2459230.0,24.0,0,0
72900.0,2365330.0,24.0,0,0
73200.0,2358100.0,0,0,0
73500.0,2553100.0,0,0,0
73800.0,2748100.0,0,0,0
74100.0,2943100.0,0,0,0
74400.0,3138100.0,0,0,0
74700.0,3333100.0,0,0,0
75000.0,3528100.0,0,0,0
75300.0,3723100.0,0,0,0
75600.0,3918100.0,0,0,0
75900.0,4113100.0,0,0,0
76200.0,4308100.0,0,0,0
76500.0,4503100.0,0,0,0
76800.0,4611430.0,24.0,0,0
77100.0,4517530.0,24.0,0,0
77400.0,4423630.0,24.0,0,0
77700.0,4329730.0,24.0,0,0
78000.0,4235830.0,24.0,0,0
78300.0,4141930.0,24.0,0,0
78600.0,4048030.0,24.0,0,0
78900.0,3954130.0,24.0,0,0
79200.0,3860230.0,24.0,0,0
79500.0,3766330.0,24.0,0,0
79800.0,3672430.0,24.0,0,0
80100.0,3578530.0,24.0,0,0
80400.0,3484630.0,24.0,0,0
80700.0,3390730.0,24.0,0,0
81000.0,3296830.0,24.0,0,0
81300.0,3202930.0,24.0,0,0
81600.0,3109030.0,24.0,0,0
81900.0,3015130.0,24.0,0,0
82200.0,2921230.0,24.0,0,0
82500.0,2827330.0,24.0,0,0
82800.0,2733430.0,24.0,0,0
83100.0,2639530.0,24.0,0,0
83400.0,2545630.0,24.0,0,0
83700.0,2451730.0,24.0,0,0
84000.0,2357830.0,24.0,0,0
84300.0,2263930.0,24.0,0,0
84600.0,2170030.0,24.0,0,0
84900.0,2076130.0,24.0,0,0
85200.0,1982230.0,24.0,0,0
85500.0,1888330.0,24.0,0,0
85800.0,1794430.0,24.0,0,0
86100.0,1700530.0,24.0,0,0
86400.0,1606630.0,24.0,0,0
86700.0,1512730.0,24.0,0,0
87000.0,1418830.0,24.0,0,0
87300.0,1324930.0,24.0,0,0
87600.0,1231030.0,24.0,0,0
87900.0,1137130.0,24.0,0,0
88200.0,1043230.0,24.0,0,0
88500.0,949330.0,24.0,0,0
88800.0,855430.0,24.0,0,0
89100.0,761530.0,24.0,0,0
89400.0,667630.0,24.0,0,0
89700.0,573730.0,24.0,0,0
90000.0,479830.0,24.0,0,0
90300.0,385930.0,24.0,0,0
90600.0,292030.0,24.0,0,0
90900.0,198130.0,24.0,0,0
91200.0,190900.0,0,0,0
91500.0,385900.0,0,0,0
91800.0,580900.0,0,0,0
92100.0,775900.0,0,0,0
92400.0,970900.0,0,0,0
92700.0,1165900.0,0,0,0
93000.0,1360900.0,0,0,0
93300.0,1555900.0,0,0,0
93600.0,1750900.0,0,0,0
93900.0,1945900.0,0,0,0
94200.0,2140900.0,0,0,0
94500.0,2335900.0,0,0,0
94800.0,2530900.0,0,0,0
95100.0,2725900.0,0,0,0
95400.0,2920900.0,0,0,0
95700.0,3115900.0,0,0,0
96000.0,3310900.0,0,0,0
96300.0,3505900.0,0,0,0
96600.0,3700900.0,0,0,0
96900.0,3895900.0,0,0,0
97200.0,4090900.0,0,0,0
97500.0,4285900.0,0,0,0
97800.0,4480900.0,0,0,0
98100.0,4675900.0,0,0,0
98400.0,4812400.0,0,0,0
98700.0,4812400.0,0,0,0
99000.0,4812400.0,0,0,0
99300.0,4812400.0,0,0,0
99600.0,4812400.0,0,0,0
99900.0,4812400.0,0,0,0
100200.0,4812400.0,0,0,0
100500.0,4812400.0,0,0,0
100800.0,4812400.0,0,0,0
101100.0,4812400.0,0,0,0
101400.0,4812400.0,0,0,0
101700.0,4812400.0,0,0,0
102000.0,4812400.0,0,0,0
102300.0,4812400.0,0,0,0
102600.0,4812400.0,0,0,0
102900.0,4812400.0,0,0,0
103200.0,4812400.0,0,0,0
103500.0,4812400.0,0,0,0
103800.0,4812400.0,0,0,0
104100.0,4812400.0,0,0,0
104400.0,4812400.0,0,0,0
104700.0,4812400.0,0,0,0
105000.0,4812400.0,0,0,0
105300.0,4812400.0,0,0,0
105600.0,4812400.0,0,0,0
105900.0,4812400.0,0,0,0
106200.0,4812400.0,0,0,0
106500.0,4812400.0,0,0,0
106800.0,4812400.0,0,0,0
107100.0,4812400.0,0,0,0
107400.0,4812400.0,0,0,0
107700.0,4812400.0,0,0,0
108000.0,4812400.0,0,0,0
108300.0,4812400.0,0,0,0
108600.0,4812400.0,0,0,0
108900.0,4812400.0,0,0,0
109200.0,4812400.0,0,0,0
109500.0,4812400.0,0,0,0
109800.0,4812400.0,0,0,0
110100.0,4812400.0,0,0,0
110400.0,4812400.0,0,0,0
110700.0,4812400.0,0,0,0
111000.0,4812400.0,0,0,0
111300.0,4812400.0,0,0,0
111600.0,4812400.0,0,0,0
111900.0,4812400.0,0,0,0
112200.0,4812400.0,0,0,0
112500.0,4812400.0,0,0,0
112800.0,4812400.0,0,0,0
113100.0,4812400.0,0,0,0
113400.0,4812400.0,0,0,0
113700.0,4812400.0,0,0,0
114000.0,4812400.0,0,0,0
114300.0,4812400.0,0,0,0
114600.0,4812400.0,0,0,0
114900.0,4812400.0,0,0,0
115200.0,4812400.0,0,0,0
115500.0,4812400.0,0,0,0
115800.0,4812400.0,0,0,0
116100.0,4812400.0,0,0,0
116400.0,4812400.0,0,0,0
116700.0,4812400.0,0,0,0
117000.0,4812400.0,0,0,0
117300.0,4812400.0,0,0,0
117600.0,4812400.0,0,0,0
117900.0,4812400.0,0,0,0
118200.0,4812400.0,0,0,0
118500.0,4812400.0,0,0,0
118800.0,4812400.0,0,0,0
119100.0,4812400.0,0,0,0
119400.0,4812400.0,0,0,0
119700.0,4812400.0,0,0,0
120000.0,4812400.0,0,0,0
120300.0,4812400.0,0,0,0
120600.0,4812400.0,0,0,0
120900.0,4812400.0,0,0,0
121200.0,4812400.0,0,0,0
121500.0,4812400.0,0,0,0
121800.0,4812400.0,0,0,0
122100.0,4812400.0,0,0,0
122400.0,4812400.0,0,0,0
122700.0,4812400.0,0,0,0
123000.0,4812400.0,0,0,0
123300.0,4812400.0,0,0,0
123600.0,4812400.0,0,0,0
123900.0,4812400.0,0,0,0
124200.0,4812400.0,0,0,0
124500.0,4812400.0,0,0,0
124800.0,4812400.0,0,0,0
125100.0,4812400.0,0,0,0
125400.0,4812400.0,0,0,0
125700.0,4812400.0,0,0,0
126000.0,4812400.0,0,0,0
126300.0,4812400.0,0,0,0
126600.0,4812400.0,0,0,0
126900.0,4812400.0,0,0,0
127200.0,4812400.0,0,0,0
127500.0,4812400.0,0,0,0
127800.0,4812400.0,0,0,0
128100.0,4812400.0,0,0,0
128400.0,4812400.0,0,0,0
128700.0,4812400.0,0,0,0
129000.0,4812400.0,0,0,0
129300.0,4812400.0,0,0,0
129600.0,4812400.0,0,0,0
129900.0,4812400.0,0,0,0
130200.0,4812400.0,0,0,0
130500.0,4812400.0,0,0,0
130800.0,4812400.0,0,0,0
131100.0,4812400.0,0,0,0
131400.0,4812400.0,0,0,0
131700.0,4812400.0,0,0,0
132000.0,4812400.0,0,0,0
132300.0,4812400.0,0,0,0
132600.0,4812400.0,0,0,0
132900.0,4812400.0,0,0,0
133200.0,4812400.0,0,0,0
133500.0,4812400.0,0,0,0
133800.0,4812400.0,0,0,0
134100.0,4812400.0,0,0,0
134400.0,4812400.0,0,0,0
134700.0,4812400.0,0,0,0
135000.0,4812400.0,0,0,0
135300.0,4812400.0,0,0,0
135600.0,4812400.0,0,0,0
135900.0,4812400.0,0,0,0
136200.0,4812400.0,0,0,0
136500.0,4812400.0,0,0,0
136800.0,4812400.0,0,0,0
137100.0,4812400.0,0,0,0
137400.0,4812400.0,0,0,0
137700.0,4812400.0,0,0,0
138000.0,4812400.0,0,0,0
138300.0,4812400.0,0,0,0
138600.0,4812400.0,0,0,0
138900.0,4812400.0,0,0,0
139200.0,4812400.0,0,0,0
139500.0,4812400.0,0,0,0
139800.0,4812400.0,0,0,0
140100.0,4812400.0,0,0,0
140400.0,4812400.0,0,0,0
140700.0,4812400.0,0,0,0
141000.0,4812400.0,0,0,0
141300.0,4812400.0,0,0,0
141600.0,4870900.0,0,0,0
141900.0,5065900.0,0,0,0
142200.0,5260900.0,0,0,0
142500.0,5455900.0,0,0,0
142800.0,5650900.0,0,0,0
143100.0,5845900.0,0,0,0
143400.0,6040900.0,0,0,0
143700.0,6235900.0,0,0,0
144000.0,6430900.0,0,0,0
144300.0,6625900.0,0,0,0
144600.0,6820900.0,0,0,0
144900.0,7015900.0,0,0,0
145200.0,7210900.0,0,0,0
145500.0,7405900.0,0,0,0
145800.0,7600900.0,0,0,0
146100.0,7795900.0,0,0,0
146400.0,7990900.0,0,0,0
146700.0,8185900.0,0,0,0
147000.0,8380900.0,0,0,0
147300.0,8575900.0,0,0,0
147600.0,8770900.0,0,0,0
147900.0,8965900.0,0,0,0
148200.0,9160900.0,0,0,0
148500.0,9355900.0,0,0,0
148800.0,9464230.0,24.0,0,0
149100.0,9370330.0,24.0,0,0
149400.0,9276430.0,24.0,0,0
149700.0,9182530.0,24.0,0,0
150000.0,9088630.0,24.0,0,0
150300.0,8994730.0,24.0,0,0
150600.0,8900830.0,24.0,0,0
150900.0,8806930.0,24.0,0,0
151200.0,8713030.0,24.0,0,0
151500.0,8619130.0,24.0,0,0
151800.0,8525230.0,24.0,0,0
152100.0,8431330.0,24.0,0,0
152400.0,8337430.0,24.0,0,0
152700.0,8243530.0,24.0,0,0
153000.0,8149630.0,24.0,0,0
153300.0,8055730.0,24.0,0,0
153600.0,7961830.0,24.0,0,0
153900.0,7867930.0,24.0,0,0
154200.0,7774030.0,24.0,0,0
154500.0,7680130.0,24.0,0,0
154800.0,7586230.0,24.0,0,0
155100.0,7492330.0,24.0,0,0
155400.0,7398430.0,24.0,0,0
155700.0,7304530.0,24.0,0,0
156000.0,7210630.0,24.0,0,0
156300.0,7116730.0,24.0,0,0
156600.0,7022830.0,24.0,0,0
156900.0,6928930.0,24.0,0,0
157200.0,6835030.0,24.0,0,0
157500.0,6741130.0,24.0,0,0
157800.0,6647230.0,24.0,0,0
158100.0,6553330.0,24.0,0,0
158400.0,6459430.0,24.0,0,0
158700.0,6365530.0,24.0,0,0
159000.0,6271630.0,24.0,0,0
159300.0,6177730.0,24.0,0,0
159600.0,6170500.0,0,0,0
159900.0,6365500.0,0,0,0
160200.0,6560500.0,0,0,0
160500.0,6755500.0,0,0,0
160800.0,6950500.0,0,0,0
161100.0,7145500.0,0,0,0
161400.0,7340500.0,0,0,0
161700.0,7535500.0,0,0,0
162000.0,7730500.0,0,0,0
162300.0,7925500.0,0,0,0
162600.0,8120500.0,0,0,0
162900.0,8315500.0,0,0,0
163200.0,8423830.0,24.0,0,0
163500.0,8329930.0,24.0,0,0
163800.0,8236030.0,24.0,0,0
164100.0,8142130.0,24.0,0,0
164400.0,8048230.0,24.0,0,0
164700.0,7954330.0,24.0,0,0
165000.0,7860430.0,24.0,0,0
165300.0,7766530.0,24.0,0,0
165600.0,7672630.0,24.0,0,0
165900.0,7578730.0,24.0,0,0
166200.0,7484830.0,24.0,0,0
166500.0,7390930.0,24.0,0,0
166800.0,7297030.0,24.0,0,0
167100.0,7203130.0,24.0,0,0
167400.0,7109230.0,24.0,0,0
167700.0,7015330.0,24.0,0,0
168000.0,6921430.0,24.0,0,0
168300.0,6827530.0,24.0,0,0
168600.0,6733630.0,24.0,0,0
168900.0,6639730.0,24.0,0,0
169200.0,6545830.0,24.0,0,0
169500.0,6451930.0,24.0,0,0
169800.0,6358030.0,24.0,0,0
170100.0,6264130.0,24.0,0,0
170400.0,6170230.0,24.0,0,0
170700.0,6076330.0,24.0,0,0
171000.0,5982430.0,24.0,0,0
171300.0,5888530.0,24.0,0,0
171600.0,5794630.0,24.0,0,0
171900.0,5700730.0,24.0,0,0
172200.0,5606830.0,24.0,0,0
172500.0,5512930.0,24.0,0,0
172800.0,5419030.0,24.0,0,0
173100.0,5325130.0,24.0,0,0
173400.0,5231230.0,24.0,0,0
173700.0,5137330.0,24.0,0,0
174000.0,5043430.0,24.0,0,0
174300.0,4949530.0,24.0,0,0
174600.0,4855630.0,24.0,0,0
174900.0,4761730.0,24.0,0,0
175200.0,4667830.0,24.0,0,0
175500.0,4573930.0,24.0,0,0
175800.0,4480030.0,24.0,0,0
176100.0,4386130.0,24.0,0,0
176400.0,4292230.0,24.0,0,0
176700.0,4198330.0,24.0,0,0
177000.0,4104430.0,24.0,0,0
177300.0,4010530.0,24.0,0,0
177600.0,4003300.0,0,0,0
177900.0,4198300.0,0,0,0
178200.0,4393300.0,0,0,0
178500.0,4588300.0,0,0,0
178800.0,4783300.0,0,0,0
179100.0,4978300.0,0,0,0
179400.0,5173300.0,0,0,0
179700.0,5368300.0,0,0,0
180000.0,5563300.0,0,0,0
180300.0,5758300.0,0,0,0
180600.0,5953300.0,0,0,0
180900.0,6148300.0,0,0,0
181200.0,6343300.0,0,0,0
181500.0,6538300.0,0,0,0
181800.0,6733300.0,0,0,0
182100.0,6928300.0,0,0,0
182400.0,7123300.0,0,0,0
182700.0,7318300.0,0,0,0
183000.0,7513300.0,0,0,0
183300.0,7708300.0,0,0,0
183600.0,7903300.0,0,0,0
183900.0,8098300.0,0,0,0
184200.0,8293300.0,0,0,0
184500.0,8488300.0,0,0,0
184800.0,8624800.0,0,0,0
185100.0,8624800.0,0,0,0
185400.0,8624800.0,0,0,0
185700.0,8624800.0,0,0,0
186000.0,8624800.0,0,0,0
186300.0,8624800.0,0,0,0
186600.0,8624800.0,0,0,0
186900.0,8624800.0,0,0,0
187200.0,8624800.0,0,0,0
187500.0,8624800.0,0,0,0
187800.0,8624800.0,0,0,0
188100.0,8624800.0,0,0,0
188400.0,8624800.0,0,0,0
188700.0,8624800.0,0,0,0
189000.0,8624800.0,0,0,0
189300.0,8624800.0,0,0,0
189600.0,8624800.0,0,0,0
189900.0,8624800.0,0,0,0
190200.0,8624800.0,0,0,0
190500.0,8624800.0,0,0,0
190800.0,8624800.0,0,0,0
191100.0,8624800.0,0,0,0
191400.0,8624800.0,0,0,0
191700.0,8624800.0,0,0,0
192000.0,8624800.0,0,0,0
192300.0,8624800.0,0,0,0
192600.0,8624800.0,0,0,0
192900.0,8624800.0,0,0,0
193200.0,8624800.0,0,0,0
193500.0,8624800.0,0,0,0
193800.0,8624800.0,0,0,0
194100.0,8624800.0,0,0,0
194400.0,8624800.0,0,0,0
194700.0,8624800.0,0,0,0
195000.0,8624800.0,0,0,0
195300.0,8624800.0,0,0,0
195600.0,8624800.0,0,0,0
195900.0,8624800.0,0,0,0
196200.0,8624800.0,0,0,0
196500.0,8624800.0,0,0,0
196800.0,8624800.0,0,0,0
197100.0,8624800.0,0,0,0
197400.0,8624800.0,0,0,0
197700.0,8624800.0,0,0,0
198000.0,8624800.0,0,0,0
198300.0,8624800.0,0,0,0
198600.0,8624800.0,0,0,0
198900.0,8624800.0,0,0,0
199200.0,8624800.0,0,0,0
199500.0,8624800.0,0,0,0
199800.0,8624800.0,0,0,0
200100.0,8624800.0,0,0,0
200400.0,8624800.0,0,0,0
200700.0,8624800.0,0,0,0
201000.0,8624800.0,0,0,0
201300.0,8624800.0,0,0,0
201600.0,8624800.0,0,0,0
201900.0,8624800.0,0,0,0
202200.0,8624800.0,0,0,0
202500.0,8624800.0,0,0,0
202800.0,8624800.0,0,0,0
203100.0,8624800.0,0,0,0
203400.0,8624800.0,0,0,0
203700.0,8624800.0,0,0,0
204000.0,8624800.0,0,0,0
204300.0,8624800.0,0,0,0
204600.0,8624800.0,0,0,0
204900.0,8624800.0,0,0,0
205200.0,8624800.0,0,0,0
205500.0,8624800.0,0,0,0
205800.0,8624800.0,0,0,0
206100.0,8624800.0,0,0,0
206400.0,8624800.0,0,0,0
206700.0,8624800.0,0,0,0
207000.0,8624800.0,0,0,0
207300.0,8624800.0,0,0,0
207600.0,8624800.0,0,0,0
207900.0,8624800.0,0,0,0
208200.0,8624800.0,0,0,0
208500.0,8624800.0,0,0,0
208800.0,8624800.0,0,0,0
209100.0,8624800.0,0,0,0
209400.0,8624800.0,0,0,0
209700.0,8624800.0,0,0,0
210000.0,8624800.0,0,0,0
210300.0,8624800.0,0,0,0
210600.0,8624800.0,0,0,0
210900.0,8624800.0,0,0,0
211200.0,8624800.0,0,0,0
211500.0,8624800.0,0,0,0
211800.0,8624800.0,0,0,0
212100.0,8624800.0,0,0,0
212400.0,8624800.0,0,0,0
212700.0,8624800.0,0,0,0
213000.0,8624800.0,0,0,0
213300.0,8624800.0,0,0,0
213600.0,8624800.0,0,0,0
213900.0,8624800.0,0,0,0
214200.0,8624800.0,0,0,0
214500.0,8624800.0,0,0,0
214800.0,8624800.0,0,0,0
215100.0,8624800.0,0,0,0
215400.0,8624800.0,0,0,0
215700.0,8624800.0,0,0,0
216000.0,8624800.0,0,0,0
216300.0,8624800.0,0,0,0
216600.0,8624800.0,0,0,0
216900.0,8624800.0,0,0,0
217200.0,8624800.0,0,0,0
217500.0,8624800.0,0,0,0
217800.0,8624800.0,0,0,0
218100.0,8624800.0,0,0,0
218400.0,8624800.0,0,0,0
218700.0,8624800.0,0,0,0
219000.0,8624800.0,0,0,0
219300.0,8624800.0,0,0,0
219600.0,8624800.0,0,0,0
219900.0,8624800.0,0,0,0
220200.0,8624800.0,0,0,0
220500.0,8624800.0,0,0,0
220800.0,8624800.0,0,0,0
221100.0,8624800.0,0,0,0
221400.0,8624800.0,0,0,0
221700.0,8624800.0,0,0,0
222000.0,8624800.0,0,0,0
222300.0,8624800.0,0,0,0
222600.0,8624800.0,0,0,0
222900.0,8624800.0,0,0,0
223200.0,8624800.0,0,0,0
223500.0,8624800.0,0,0,0
223800.0,8624800.0,0,0,0
224100.0,8624800.0,0,0,0
224400.0,8624800.0,0,0,0
224700.0,8624800.0,0,0,0
225000.0,8624800.0,0,0,0
225300.0,8624800.0,0,0,0
225600.0,8624800.0,0,0,0
225900.0,8624800.0,0,0,0
226200.0,8624800.0,0,0,0
226500.0,8624800.0,0,0,0
226800.0,8624800.0,0,0,0
227100.0,8624800.0,0,0,0
227400.0,8624800.0,0,0,0
227700.0,8624800.0,0,0,0
228000.0,8683300.0,0,0,0
228300.0,8878300.0,0,0,0
228600.0,9073300.0,0,0,0
228900.0,9268300.0,0,0,0
229200.0,9463300.0,0,0,0
229500.0,9658300.0,0,0,0
229800.0,9853300.0,0,0,0
230100.0,10048300.0,0,0,0
230400.0,10243300.0,0,0,0
230700.0,10438300.0,0,0,0
231000.0,10633300.0,0,0,0
231300.0,10828300.0,0,0,0
231600.0,11023300.0,0,0,0
231900.0,11218300.0,0,0,0
232200.0,11413300.0,0,0,0
232500.0,11608300.0,0,0,0
232800.0,11803300.0,0,0,0
233100.0,11998300.0,0,0,0
233400.0,12193300.0,0,0,0
233700.0,12388300.0,0,0,0
234000.0,12583300.0,0,0,0
234300.0,12778300.0,0,0,0
234600.0,12973300.0,0,0,0
234900.0,13168300.0,0,0,0
235200.0,13276630.0,24.0,0,0
235500.0,13182730.0,24.0,0,0
235800.0,13088830.0,24.0,0,0
236100.0,12994930.0,24.0,0,0
236400.0,12901030.0,24.0,0,0
236700.0,12807130.0,24.0,0,0
237000.0,12713230.0,24.0,0,0
237300.0,12619330.0,24.0,0,0
237600.0,12525430.0,24.0,0,0
237900.0,12431530.0,24.0,0,0
238200.0,12337630.0,24.0,0,0
238500.0,12243730.0,24.0,0,0
238800.0,12149830.0,24.0,0,0
239100.0,12055930.0,24.0,0,0
239400.0,11962030.0,24.0,0,0
239700.0,11868130.0,24.0,0,0
240000.0,11774230.0,24.0,0,0
240300.0,11680330.0,24.0,0,0
240600.0,11586430.0,24.0,0,0
240900.0,11492530.0,24.0,0,0
241200.0,11398630.0,24.0,0,0
241500.0,11304730.0,24.0,0,0
241800.0,11210830.0,24.0,0,0
242100.0,11116930.0,24.0,0,0
242400.0,11023030.0,24.0,0,0
242700.0,10929130.0,24.0,0,0
243000.0,10835230.0,24.0,0,0
243300.0,10741330.0,24.0,0,0
243600.0,10647430.0,24.0,0,0
243900.0,10553530.0,24.0,0,0
244200.0,10459630.0,24.0,0,0
244500.0,10365730.0,24.0,0,0
244800.0,10271830.0,24.0,0,0
245100.0,10177930.0,24.0,0,0
245400.0,10084030.0,24.0,0,0
245700.0,9990130.0,24.0,0,0
246000.0,9982900.0,0,0,0
246300.0,10177900.0,0,0,0
246600.0,10372900.0,0,0,0
246900.0,10567900.0,0,0,0
247200.0,10762900.0,0,0,0
247500.0,10957900.0,0,0,0
247800.0,11152900.0,0,0,0
248100.0,11347900.0,0,0,0
248400.0,11542900.0,0,0,0
248700.0,11737900.0,0,0,0
249000.0,11932900.0,0,0,0
249300.0,12127900.0,0,0,0
249600.0,12236230.0,24.0,0,0
249900.0,12142330.0,24.0,0,0
250200.0,12048430.0,24.0,0,0
250500.0,11954530.0,24.0,0,0
250800.0,11860630.0,24.0,0,0
251100.0,11766730.0,24.0,0,0
251400.0,11672830.0,24.0,0,0
251700.0,11578930.0,24.0,0,0
252000.0,11485030.0,24.0,0,0
252300.0,11391130.0,24.0,0,0
252600.0,11297230.0,24.0,0,0
252900.0,11203330.0,24.0,0,0
253200.0,11109430.0,24.0,0,0
253500.0,11015530.0,24.0,0,0
253800.0,10921630.0,24.0,0,0
254100.0,10827730.0,24.0,0,0
254400.0,10733830.0,24.0,0,0
254700.0,10639930.0,24.0,0,0
255000.0,10546030.0,24.0,0,0
255300.0,10452130.0,24.0,0,0
255600.0,10358230.0,24.0,0,0
255900.0,10264330.0,24.0,0,0
256200.0,10170430.0,24.0,0,0
256500.0,10076530.0,24.0,0,0
256800.0,9982630.0,24.0,0,0
257100.0,9888730.0,24.0,0,0
257400.0,9794830.0,24.0,0,0
257700.0,9700930.0,24.0,0,0
258000.0,9607030.0,24.0,0,0
258300.0,9513130.0,24.0,0,0
258600.0,9419230.0,24.0,0,0
258900.0,9325330.0,24.0,0,0
259200.0,9231430.0,24.0,0,0
259500.0,9137530.0,24.0,0,0
259800.0,9043630.0,24.0,0,0
260100.0,8949730.0,24.0,0,0
260400.0,8855830.0,24.0,0,0
260700.0,8761930.0,24.0,0,0
261000.0,8668030.0,24.0,0,0
261300.0,8574130.0,24.0,0,0
261600.0,8480230.0,24.0,0,0
261900.0,8386330.0,24.0,0,0
262200.0,8292430.0,24.0,0,0
262500.0,8198530.0,24.0,0,0
262800.0,8104630.0,24.0,0,0
263100.0,8010730.0,24.0,0,0
263400.0,7916830.0,24.0,0,0
263700.0,7822930.0,24.0,0,0
264000.0,7815700.0,0,0,0
264300.0,8010700.0,0,0,0
264600.0,8205700.0,0,0,0
264900.0,8400700.0,0,0,0
265200.0,8595700.0,0,0,0
265500.0,8790700.0,0,0,0
265800.0,8985700.0,0,0,0
266100.0,9180700.0,0,0,0
266400.0,9375700.0,0,0,0
266700.0,9570700.0,0,0,0
267000.0,9765700.0,0,0,0
267300.0,9960700.0,0,0,0
267600.0,10155700.0,0,0,0
267900.0,10350700.0,0,0,0
268200.0,10545700.0,0,0,0
268500.0,10740700.0,0,0,0
268800.0,10935700.0,0,0,0
269100.0,11130700.0,0,0,0
269400.0,11325700.0,0,0,0
269700.0,11520700.0,0,0,0
270000.0,11715700.0,0,0,0
270300.0,11910700.0,0,0,0
270600.0,12105700.0,0,0,0
270900.0,12300700.0,0,0,0
271200.0,12437200.0,0,0,0
271500.0,12437200.0,0,0,0
271800.0,12437200.0,0,0,0
272100.0,12437200.0,0,0,0
272400.0,12437200.0,0,0,0
272700.0,12437200.0,0,0,0
273000.0,12437200.0,0,0,0
273300.0,12437200.0,0,0,0
273600.0,12437200.0,0,0,0
273900.0,12437200.0,0,0,0
274200.0,12437200.0,0,0,0
274500.0,12437200.0,0,0,0
274800.0,12437200.0,0,0,0
275100.0,12437200.0,0,0,0
275400.0,12437200.0,0,0,0
275700.0,12437200.0,0,0,0
276000.0,12437200.0,0,0,0
276300.0,12437200.0,0,0,0
276600.0,12437200.0,0,0,0
276900.0,12437200.0,0,0,0
277200.0,12437200.0,0,0,0
277500.0,12437200.0,0,0,0
277800.0,12437200.0,0,0,0
278100.0,12437200.0,0,0,0
278400.0,12437200.0,0,0,0
278700.0,12437200.0,0,0,0
279000.0,12437200.0,0,0,0
279300.0,12437200.0,0,0,0
279600.0,12437200.0,0,0,0
279900.0,12437200.0,0,0,0
280200.0,12437200.0,0,0,0
280500.0,12437200.0,0,0,0
280800.0,12437200.0,0,0,0
281100.0,12437200.0,0,0,0
281400.0,12437200.0,0,0,0
281700.0,12437200.0,0,0,0
282000.0,12437200.0,0,0,0
282300.0,12437200.0,0,0,0
282600.0,12437200.0,0,0,0
282900.0,12437200.0,0,0,0
283200.0,12437200.0,0,0,0
283500.0,12437200.0,0,0,0
283800.0,12437200.0,0,0,0
284100.0,12437200.0,0,0,0
284400.0,12437200.0,0,0,0
284700.0,12437200.0,0,0,0
285000.0,12437200.0,0,0,0
285300.0,12437200.0,0,0,0
285600.0,12437200.0,0,0,0
285900.0,12437200.0,0,0,0
286200.0,12437200.0,0,0,0
286500.0,12437200.0,0,0,0
286800.0,12437200.0,0,0,0
287100.0,12437200.0,0,0,0
287400.0,12437200.0,0,0,0
287700.0,12437200.0,0,0,0
288000.0,12437200.0,0,0,0
288300.0,12437200.0,0,0,0
288600.0,12437200.0,0,0,0
288900.0,12437200.0,0,0,0
289200.0,12437200.0,0,0,0
289500.0,12437200.0,0,0,0
289800.0,12437200.0,0,0,0
290100.0,12437200.0,0,0,0
290400.0,12437200.0,0,0,0
290700.0,12437200.0,0,0,0
291000.0,12437200.0,0,0,0
291300.0,12437200.0,0,0,0
291600.0,12437200.0,0,0,0
291900.0,12437200.0,0,0,0
292200.0,12437200.0,0,0,0
292500.0,12437200.0,0,0,0
292800.0,12437200.0,0,0,0
293100.0,12437200.0,0,0,0
293400.0,12437200.0,0,0,0
293700.0,12437200.0,0,0,0
294000.0,12437200.0,0,0,0
294300.0,12437200.0,0,0,0
294600.0,12437200.0,0,0,0
294900.0,12437200.0,0,0,0
295200.0,12437200.0,0,0,0
295500.0,12437200.0,0,0,0
295800.0,12437200.0,0,0,0
296100.0,12437200.0,0,0,0
296400.0,12437200.0,0,0,0
296700.0,12437200.0,0,0,0
297000.0,12437200.0,0,0,0
297300.0,12437200.0,0,0,0
297600.0,12437200.0,0,0,0
297900.0,12437200.0,0,0,0
298200.0,12437200.0,0,0,0
298500.0,12437200.0,0,0,0
298800.0,12437200.0,0,0,0
299100.0,12437200.0,0,0,0
299400.0,12437200.0,0,0,0
299700.0,12437200.0,0,0,0
300000.0,12437200.0,0,0,0
300300.0,12437200.0,0,0,0
300600.0,12437200.0,0,0,0
300900.0,12437200.0,0,0,0
301200.0,12437200.0,0,0,0
301500.0,12437200.0,0,0,0
301800.0,12437200.0,0,0,0
302100.0,12437200.0,0,0,0
302400.0,12437200.0,0,0,0
302700.0,12437200.0,0,0,0
303000.0,12437200.0,0,0,0
303300.0,12437200.0,0,0,0
303600.0,12437200.0,0,0,0
303900.0,12437200.0,0,0,0
304200.0,12437200.0,0,0,0
304500.0,12437200.0,0,0,0
304800.0,12437200.0,0,0,0
305100.0,12437200.0,0,0,0
305400.0,12437200.0,0,0,0
305700.0,12437200.0,0,0,0
306000.0,12437200.0,0,0,0
306300.0,12437200.0,0,0,0
306600.0,12437200.0,0,0,0
306900.0,12437200.0,0,0,0
307200.0,12437200.0,0,0,0
307500.0,12437200.0,0,0,0
307800.0,12437200.0,0,0,0
308100.0,12437200.0,0,0,0
308400.0,12437200.0,0,0,0
308700.0,12437200.0,0,0,0
309000.0,12437200.0,0,0,0
309300.0,12437200.0,0,0,0
309600.0,12437200.0,0,0,0
309900.0,12437200.0,0,0,0
310200.0,12437200.0,0,0,0
310500.0,12437200.0,0,0,0
310800.0,12437200.0,0,0,0
311100.0,12437200.0,0,0,0
311400.0,12437200.0,0,0,0
311700.0,12437200.0,0,0,0
312000.0,12437200.0,0,0,0
312300.0,12437200.0,0,0,0
312600.0,12437200.0,0,0,0
312900.0,12437200.0,0,0,0
313200.0,12437200.0,0,0,0
313500.0,12437200.0,0,0,0
313800.0,12437200.0,0,0,0
314100.0,12437200.0,0,0,0
314400.0,12495700.0,0,0,0
314700.0,12690700.0,0,0,0
315000.0,12885700.0,0,0,0
315300.0,13080700.0,0,0,0
315600.0,13275700.0,0,0,0
315900.0,13470700.0,0,0,0
316200.0,13665700.0,0,0,0
316500.0,13860700.0,0,0,0
316800.0,14055700.0,0,0,0
317100.0,14250700.0,0,0,0
317400.0,14445700.0,0,0,0
317700.0,14640700.0,0,0,0
318000.0,14835700.0,0,0,0
318300.0,15030700.0,0,0,0
318600.0,15225700.0,0,0,0
318900.0,15420700.0,0,0,0
319200.0,15615700.0,0,0,0
319500.0,15810700.0,0,0,0
319800.0,16005700.0,0,0,0
320100.0,16200700.0,0,0,0
320400.0,16395700.0,0,0,0
320700.0,16590700.0,0,0,0
321000.0,16785700.0,0,0,0
321300.0,16980700.0,0,0,0
321600.0,17089030.0,24.0,0,0
321900.0,16995130.0,24.0,0,0
322200.0,16901230.0,24.0,0,0
322500.0,16807330.0,24.0,0,0
322800.0,16713430.0,24.0,0,0
323100.0,16619530.0,24.0,0,0
323400.0,16525630.0,24.0,0,0
323700.0,16431730.0,24.0,0,0
324000.0,16337830.0,24.0,0,0
324300.0,16243930.0,24.0,0,0
324600.0,16150030.0,24.0,0,0
324900.0,16056130.0,24.0,0,0
325200.0,15962230.0,24.0,0,0
325500.0,15868330.0,24.0,0,0
325800.0,15774430.0,24.0,0,0
326100.0,15680530.0,24.0,0,0
326400.0,15586630.0,24.0,0,0
326700.0,15492730.0,24.0,0,0
327000.0,15398830.0,24.0,0,0
327300.0,15304930.0,24.0,0,0
327600.0,15211030.0,24.0,0,0
327900.0,15117130.0,24.0,0,0
328200.0,15023230.0,24.0,0,0
328500.0,14929330.0,24.0,0,0
328800.0,14835430.0,24.0,0,0
329100.0,14741530.0,24.0,0,0
329400.0,14647630.0,24.0,0,0
329700.0,14553730.0,24.0,0,0
330000.0,14459830.0,24.0,0,0
330300.0,14365930.0,24.0,0,0
330600.0,14272030.0,24.0,0,0
330900.0,14178130.0,24.0,0,0
331200.0,14084230.0,24.0,0,0
331500.0,13990330.0,24.0,0,0
331800.0,13896430.0,24.0,0,0
332100.0,13802530.0,24.0,0,0
332400.0,13795300.0,0,0,0
332700.0,13990300.0,0,0,0
333000.0,14185300.0,0,0,0
333300.0,14380300.0,0,0,0
333600.0,14575300.0,0,0,0
333900.0,14770300.0,0,0,0
334200.0,14965300.0,0,0,0
334500.0,15160300.0,0,0,0
334800.0,15355300.0,0,0,0
335100.0,15550300.0,0,0,0
335400.0,15745300.0,0,0,0
335700.0,15940300.0,0,0,0
336000.0,16048630.0,24.0,0,0
336300.0,15954730.0,24.0,0,0
336600.0,15860830.0,24.0,0,0
336900.0,15766930.0,24.0,0,0
337200.0,15673030.0,24.0,0,0
337500.0,15579130.0,24.0,0,0
337800.0,15485230.0,24.0,0,0
338100.0,15391330.0,24.0,0,0
338400.0,15297430.0,24.0,0,0
338700.0,15203530.0,24.0,0,0
339000.0,15109630.0,24.0,0,0
339300.0,15015730.0,24.0,0,0
339600.0,14921830.0,24.0,0,0
339900.0,14827930.0,24.0,0,0
340200.0,14734030.0,24.0,0,0
340500.0,14640130.0,24.0,0,0
340800.0,14546230.0,24.0,0,0
341100.0,14452330.0,24.0,0,0
341400.0,14358430.0,24.0,0,0
341700.0,14264530.0,24.0,0,0
342000.0,14170630.0,24.0,0,0
342300.0,14076730.0,24.0,0,0
342600.0,13982830.0,24.0,0,0
342900.0,13888930.0,24.0,0,0
343200.0,13795030.0,24.0,0,0
343500.0,13701130.0,24.0,0,0
343800.0,13607230.0,24.0,0,0
344100.0,13513330.0,24.0,0,0
344400.0,13419430.0,24.0,0,0
344700.0,13325530.0,24.0,0,0
345000.0,13231630.0,24.0,0,0
345300.0,13137730.0,24.0,0,0
345600.0,13043830.0,24.0,0,0
345900.0,12949930.0,24.0,0,0
346200.0,12856030.0,24.0,0,0
346500.0,12762130.0,24.0,0,0
346800.0,12668230.0,24.0,0,0
347100.0,12574330.0,24.0,0,0
347400.0,12480430.0,24.0,0,0
347700.0,12386530.0,24.0,0,0
348000.0,12292630.0,24.0,0,0
348300.0,12198730.0,24.0,0,0
348600.0,12104830.0,24.0,0,0
348900.0,12010930.0,24.0,0,0
349200.0,11917030.0,24.0,0,0
349500.0,11823130.0,24.0,0,0
349800.0,11729230.0,24.0,0,0
350100.0,11635330.0,24.0,0,0
350400.0,11628100.0,0,0,0
350700.0,11823100.0,0,0,0
351000.0,12018100.0,0,0,0
351300.0,12213100.0,0,0,0
351600.0,12408100.0,0,0,0
351900.0,12603100.0,0,0,0
352200.0,12798100.0,0,0,0
352500.0,12993100.0,0,0,0
352800.0,13188100.0,0,0,0
353100.0,13383100.0,0,0,0
353400.0,13578100.0,0,0,0
353700.0,13773100.0,0,0,0
354000.0,13968100.0,0,0,0
354300.0,14163100.0,0,0,0
354600.0,14358100.0,0,0,0
354900.0,14553100.0,0,0,0
355200.0,14748100.0,0,0,0
355500.0,14943100.0,0,0,0
355800.0,15138100.0,0,0,0
356100.0,15333100.0,0,0,0
356400.0,15528100.0,0,0,0
356700.0,15723100.0,0,0,0
357000.0,15918100.0,0,0,0
357300.0,16113100.0,0,0,0
357600.0,16249600.0,0,0,0
357900.0,16249600.0,0,0,0
358200.0,16249600.0,0,0,0
358500.0,16249600.0,0,0,0
358800.0,16249600.0,0,0,0
359100.0,16249600.0,0,0,0
359400.0,16249600.0,0,0,0
359700.0,16249600.0,0,0,0
360000.0,16249600.0,0,0,0
360300.0,16249600.0,0,0,0
360600.0,16249600.0,0,0,0
360900.0,16249600.0,0,0,0
361200.0,16249600.0,0,0,0
361500.0,16249600.0,0,0,0
361800.0,16249600.0,0,0,0
362100.0,16249600.0,0,0,0
362400.0,16249600.0,0,0,0
362700.0,16249600.0,0,0,0
363000.0,16249600.0,0,0,0
363300.0,16249600.0,0,0,0
363600.0,16249600.0,0,0,0
363900.0,16249600.0,0,0,0
364200.0,16249600.0,0,0,0
364500.0,16249600.0,0,0,0
364800.0,16249600.0,0,0,0
365100.0,16249600.0,0,0,0
365400.0,16249600.0,0,0,0
365700.0,16249600.0,0,0,0
366000.0,16249600.0,0,0,0
366300.0,16249600.0,0,0,0
366600.0,16249600.0,0,0,0
366900.0,16249600.0,0,0,0
367200.0,16249600.0,0,0,0
367500.0,16249600.0,0,0,0
367800.0,16249600.0,0,0,0
368100.0,16249600.0,0,0,0
368400.0,16249600.0,0,0,0
368700.0,16249600.0,0,0,0
369000.0,16249600.0,0,0,0
369300.0,16249600.0,0,0,0
369600.0,16249600.0,0,0,0
369900.0,16249600.0,0,0,0
370200.0,16249600.0,0,0,0
370500.0,16249600.0,0,0,0
370800.0,16249600.0,0,0,0
371100.0,16249600.0,0,0,0
371400.0,16249600.0,0,0,0
371700.0,16249600.0,0,0,0
372000.0,16249600.0,0,0,0
372300.0,16249600.0,0,0,0
372600.0,16249600.0,0,0,0
372900.0,16249600.0,0,0,0
373200.0,16249600.0,0,0,0
373500.0,16249600.0,0,0,0
373800.0,16249600.0,0,0,0
374100.0,16249600.0,0,0,0
374400.0,16249600.0,0,0,0
374700.0,16249600.0,0,0,0
375000.0,16249600.0,0,0,0
375300.0,16249600.0,0,0,0
375600.0,16249600.0,0,0,0
375900.0,16249600.0,0,0,0
376200.0,16249600.0,0,0,0
376500.0,16249600.0,0,0,0
376800.0,16249600.0,0,0,0
377100.0,16249600.0,0,0,0
377400.0,16249600.0,0,0,0
377700.0,16249600.0,0,0,0
378000.0,16249600.0,0,0,0
378300.0,16249600.0,0,0,0
378600.0,16249600.0,0,0,0
378900.0,16249600.0,0,0,0
379200.0,16249600.0,0,0,0
379500.0,16249600.0,0,0,0
379800.0,16249600.0,0,0,0
380100.0,16249600.0,0,0,0
380400.0,16249600.0,0,0,0
380700.0,16249600.0,0,0,0
381000.0,16249600.0,0,0,0
381300.0,16249600.0,0,0,0
381600.0,16249600.0,0,0,0
381900.0,16249600.0,0,0,0
382200.0,16249600.0,0,0,0
382500.0,16249600.0,0,0,0
382800.0,16249600.0,0,0,0
383100.0,16249600.0,0,0,0
383400.0,16249600.0,0,0,0
383700.0,16249600.0,0,0,0
384000.0,16249600.0,0,0,0
384300.0,16249600.0,0,0,0
384600.0,16249600.0,0,0,0
384900.0,16249600.0,0,0,0
385200.0,16249600.0,0,0,0
385500.0,16249600.0,0,0,0
385800.0,16249600.0,0,0,0
386100.0,16249600.0,0,0,0
386400.0,16249600.0,0,0,0
386700.0,16249600.0,0,0,0
387000.0,16249600.0,0,0,0
387300.0,16249600.0,0,0,0
387600.0,16249600.0,0,0,0
387900.0,16249600.0,0,0,0
388200.0,16249600.0,0,0,0
388500.0,16249600.0,0,0,0
388800.0,16249600.0,0,0,0
389100.0,16249600.0,0,0,0
389400.0,16249600.0,0,0,0
389700.0,16249600.0,0,0,0
390000.0,16249600.0,0,0,0
390300.0,16249600.0,0,0,0
390600.0,16249600.0,0,0,0
390900.0,16249600.0,0,0,0
391200.0,16249600.0,0,0,0
391500.0,16249600.0,0,0,0
391800.0,16249600.0,0,0,0
392100.0,16249600.0,0,0,0
392400.0,16249600.0,0,0,0
392700.0,16249600.0,0,0,0
393000.0,16249600.0,0,0,0
393300.0,16249600.0,0,0,0
393600.0,16249600.0,0,0,0
393900.0,16249600.0,0,0,0
394200.0,16249600.0,0,0,0
394500.0,16249600.0,0,0,0
394800.0,16249600.0,0,0,0
395100.0,16249600.0,0,0,0
395400.0,16249600.0,0,0,0
395700.0,16249600.0,0,0,0
396000.0,16249600.0,0,0,0
396300.0,16249600.0,0,0,0
396600.0,16249600.0,0,0,0
396900.0,16249600.0,0,0,0
397200.0,16249600.0,0,0,0
397500.0,16249600.0,0,0,0
397800.0,16249600.0,0,0,0
398100.0,16249600.0,0,0,0
398400.0,16249600.0,0,0,0
398700.0,16249600.0,0,0,0
399000.0,16249600.0,0,0,0
399300.0,16249600.0,0,0,0
399600.0,16249600.0,0,0,0
399900.0,16249600.0,0,0,0
400200.0,16249600.0,0,0,0
400500.0,16249600.0,0,0,0
400800.0,16308100.0,0,0,0
401100.0,16503100.0,0,0,0
401400.0,16698100.0,0,0,0
401700.0,16893100.0,0,0,0
402000.0,17088100.0,0,0,0
402300.0,17283100.0,0,0,0
402600.0,17478100.0,0,0,0
402900.0,17673100.0,0,0,0
403200.0,17868100.0,0,0,0
403500.0,18063100.0,0,0,0
403800.0,18258100.0,0,0,0
404100.0,18453100.0,0,0,0
404400.0,18648100.0,0,0,0
404700.0,18843100.0,0,0,0
405000.0,19038100.0,0,0,0
405300.0,19233100.0,0,0,0
405600.0,19428100.0,0,0,0
405900.0,19623100.0,0,0,0
406200.0,19818100.0,0,0,0
406500.0,20013100.0,0,0,0
406800.0,20208100.0,0,0,0
407100.0,20403100.0,0,0,0
407400.0,20598100.0,0,0,0
407700.0,20793100.0,0,0,0
408000.0,20901430.0,24.0,0,0
408300.0,20807530.0,24.0,0,0
408600.0,20713630.0,24.0,0,0
408900.0,20619730.0,24.0,0,0
409200.0,20525830.0,24.0,0,0
409500.0,20431930.0,24.0,0,0
409800.0,20338030.0,24.0,0,0
410100.0,20244130.0,24.0,0,0
410400.0,20150230.0,24.0,0,0
410700.0,20056330.0,24.0,0,0
411000.0,19962430.0,24.0,0,0
411300.0,19868530.0,24.0,0,0
411600.0,19774630.0,24.0,0,0
411900.0,19680730.0,24.0,0,0
412200.0,19586830.0,24.0,0,0
412500.0,19492930.0,24.0,0,0
412800.0,19399030.0,24.0,0,0
413100.0,19305130.0,24.0,0,0
413400.0,19211230.0,24.0,0,0
413700.0,19117330.0,24.0,0,0
414000.0,19023430.0,24.0,0,0
414300.0,18929530.0,24.0,0,0
414600.0,18835630.0,24.0,0,0
414900.0,18741730.0,24.0,0,0
415200.0,18647830.0,24.0,0,0
415500.0,18553930.0,24.0,0,0
415800.0,18460030.0,24.0,0,0
416100.0,18366130.0,24.0,0,0
416400.0,18272230.0,24.0,0,0
416700.0,18178330.0,24.0,0,0
417000.0,18084430.0,24.0,0,0
417300.0,17990530.0,24.0,0,0
417600.0,17896630.0,24.0,0,0
417900.0,17802730.0,24.0,0,0
418200.0,17708830.0,24.0,0,0
418500.0,17614930.0,24.0,0,0
418800.0,17607700.0,0,0,0
419100.0,17802700.0,0,0,0
419400.0,17997700.0,0,0,0
419700.0,18192700.0,0,0,0
420000.0,18387700.0,0,0,0
420300.0,18582700.0,0,0,0
420600.0,18777700.0,0,0,0
420900.0,18972700.0,0,0,0
421200.0,19167700.0,0,0,0
421500.0,19362700.0,0,0,0
421800.0,19557700.0,0,0,0
422100.0,19752700.0,0,0,0
422400.0,19861030.0,24.0,0,0
422700.0,19767130.0,24.0,0,0
423000.0,19673230.0,24.0,0,0
423300.0,19579330.0,24.0,0,0
423600.0,19485430.0,24.0,0,0
423900.0,19391530.0,24.0,0,0
424200.0,19297630.0,24.0,0,0
424500.0,19203730.0,24.0,0,0
424800.0,19109830.0,24.0,0,0
425100.0,19015930.0,24.0,0,0
425400.0,18922030.0,24.0,0,0
425700.0,18828130.0,24.0,0,0
426000.0,18734230.0,24.0,0,0
426300.0,18640330.0,24.0,0,0
426600.0,18546430.0,24.0,0,0
426900.0,18452530.0,24.0,0,0
427200.0,18358630.0,24.0,0,0
427500.0,18264730.0,24.0,0,0
427800.0,18170830.0,24.0,0,0
428100.0,18076930.0,24.0,0,0
428400.0,17983030.0,24.0,0,0
428700.0,17889130.0,24.0,0,0
429000.0,17795230.0,24.0,0,0
429300.0,17701330.0,24.0,0,0
429600.0,17607430.0,24.0,0,0
429900.0,17513530.0,24.0,0,0
430200.0,17419630.0,24.0,0,0
430500.0,17325730.0,24.0,0,0
430800.0,17231830.0,24.0,0,0
431100.0,17137930.0,24.0,0,0
431400.0,17044030.0,24.0,0,0
431700.0,16950130.0,24.0,0,0
432000.0,16856230.0,24.0,0,0
432300.0,16762330.0,24.0,0,0
432600.0,16668430.0,24.0,0,0
432900.0,16574530.0,24.0,0,0
433200.0,16480630.0,24.0,0,0
433500.0,16386730.0,24.0,0,0
433800.0,16292830.0,24.0,0,0
434100.0,16198930.0,24.0,0,0
434400.0,16105030.0,24.0,0,0
434700.0,16011130.0,24.0,0,0
435000.0,15917230.0,24.0,0,0
435300.0,15823330.0,24.0,0,0
435600.0,15729430.0,24.0,0,0
435900.0,15635530.0,24.0,0,0
436200.0,15541630.0,24.0,0,0
436500.0,15447730.0,24.0,0,0
